ID,Region of residence,Age of Subject,Time spent on Online Class,Rating of Online Class experience,Medium for online class,Time spent on self study,Time spent on fitness,Time spent on sleep,Time spent on social media,Time spent on TV,Change in your weight
R1,Delhi-NCR,21,2.0,4,Laptop/Desktop,4.0,0.0,7.0,3.0,1.0,Increased
R2,Delhi-NCR,21,0.0,5,Smartphone,0.0,2.0,10.0,3.0,0.0,Decreased
R3,Delhi-NCR,20,7.0,1,Laptop/Desktop,3.0,0.0,6.0,2.0,0.0,Remain Constant
R4,Delhi-NCR,20,3.0,1,Smartphone,2.0,1.0,6.0,5.0,0.0,Decreased
R5,Delhi-NCR,21,3.0,4,Laptop/Desktop,3.0,1.0,8.0,3.0,1.0,Remain Constant
R6,Delhi-NCR,21,0.0,1,Smartphone,6.0,0.0,5.0,1.0,0.0,Decreased
R7,Delhi-NCR,19,2.0,1,Smartphone,2.0,1.0,5.0,4.0,0.0,Increased
R8,Outside Delhi-NCR,19,2.0,1,Tablet,1.0,1.0,10.0,5.0,0.0,Increased
R9,Delhi-NCR,21,3.0,1,Laptop/Desktop,4.0,1.0,8.0,2.0,1.0,Increased
R10,Outside Delhi-NCR,20,0.0,1,Laptop/Desktop,1.0,0.5,8.0,5.0,3.0,Decreased
R11,Delhi-NCR,21,3.0,4,Laptop/Desktop,3.0,1.0,8.0,3.0,1.0,Remain Constant
R12,Delhi-NCR,21,1.0,1,Laptop/Desktop,0.0,1.0,7.0,3.0,1.0,Increased
R13,Delhi-NCR,21,3.0,3,Laptop/Desktop,0.0,0.0,8.0,3.0,0.0,Increased
R14,Outside Delhi-NCR,22,1.0,4,Laptop/Desktop,2.0,0.0,7.0,0.0,0.5,Increased
R15,Delhi-NCR,20,5.0,1,Laptop/Desktop,1.0,0.0,8.0,3.0,0.0,Remain Constant
R16,Delhi-NCR,22,3.0,3,Smartphone,3.0,1.0,6.0,2.0,1.0,Increased
R17,Outside Delhi-NCR,20,0.0,4,Smartphone,0.0,0.0,8.0,2.0,1.0,Increased
R18,Delhi-NCR,20,1.0,1,Smartphone,2.0,1.0,8.0,1.0,0.0,Remain Constant
R19,Delhi-NCR,21,0.0,1,Laptop/Desktop,4.0,0.0,7.0,7.0,,Remain Constant
R20,Delhi-NCR,22,5.0,1,Smartphone,2.0,1.0,8.0,4.0,0.0,Increased
R21,Delhi-NCR,20,4.0,5,Laptop/Desktop,5.0,0.0,6.0,2.0,1.0,Decreased
R22,Delhi-NCR,21,5.0,3,Laptop/Desktop,2.0,1.0,10.0,5.0,2.0,Remain Constant
R23,Delhi-NCR,21,4.0,1,Smartphone,1.0,0.0,8.0,6.0,1.0,Decreased
R24,Delhi-NCR,21,4.0,3,Laptop/Desktop,2.0,1.0,7.0,1.0,0.0,Decreased
R25,Delhi-NCR,20,3.0,1,Smartphone,4.0,2.0,9.0,2.0,1.0,Decreased
R26,Delhi-NCR,20,5.0,1,Smartphone,2.0,0.0,9.0,5.0,3.0,Increased
R27,Delhi-NCR,21,4.0,1,Laptop/Desktop,5.0,0.0,8.0,3.0,0.0,Increased
R28,Delhi-NCR,20,3.0,1,Laptop/Desktop,6.0,0.0,9.0,2.0,0.0,Remain Constant
R30,Delhi-NCR,22,4.0,1,Smartphone,6.0,1.0,5.0,3.0,0.0,Remain Constant
R31,Delhi-NCR,19,4.0,1,Smartphone,5.0,1.0,7.0,2.0,1.0,Decreased
R32,Delhi-NCR,23,4.0,5,Laptop/Desktop,18.0,1.0,8.0,2.0,0.0,Decreased
R34,Delhi-NCR,22,5.0,1,Laptop/Desktop,1.0,0.0,6.0,2.0,0.5,Decreased
R36,Outside Delhi-NCR,21,6.0,3,Smartphone,2.0,1.0,8.0,3.0,1.0,Remain Constant
R37,Delhi-NCR,17,4.0,1,Laptop/Desktop,1.0,1.0,7.0,1.5,0.0,Decreased
R38,Outside Delhi-NCR,20,4.0,3,Laptop/Desktop,2.0,0.0,8.0,2.0,0.0,Increased
R39,Outside Delhi-NCR,22,1.0,1,Smartphone,2.0,0.5,8.0,2.0,2.0,Increased
R41,Delhi-NCR,24,4.0,4,Laptop/Desktop,4.0,2.0,6.0,4.0,0.0,Increased
R42,Outside Delhi-NCR,21,0.0,1,Laptop/Desktop,0.0,0.0,10.0,8.0,1.0,Remain Constant
R43,Delhi-NCR,20,7.0,1,Smartphone,2.0,1.0,8.0,2.0,2.0,Remain Constant
R44,Delhi-NCR,21,5.0,1,Laptop/Desktop,3.0,1.0,8.0,1.0,0.0,Increased
R45,Delhi-NCR,18,2.0,3,Smartphone,2.0,3.0,12.0,1.0,0.0,Remain Constant
R46,Delhi-NCR,22,3.0,1,Laptop/Desktop,2.0,0.0,8.0,1.0,0.0,Increased
R47,Delhi-NCR,20,2.0,1,Smartphone,6.0,2.0,7.0,1.0,3.0,Decreased
R48,Delhi-NCR,20,2.0,1,Smartphone,3.0,0.0,6.0,2.0,0.0,Decreased
R49,Delhi-NCR,21,3.0,1,Laptop/Desktop,4.0,2.0,8.0,2.0,0.0,Increased
R50,Delhi-NCR,18,4.0,4,Laptop/Desktop,2.0,0.0,8.0,4.0,0.0,Remain Constant
R51,Delhi-NCR,19,0.0,1,Smartphone,1.0,0.0,8.0,2.0,2.0,Remain Constant
R52,Delhi-NCR,20,5.0,3,Laptop/Desktop,6.0,1.0,7.0,2.0,0.0,Remain Constant
R53,Delhi-NCR,21,3.0,3,Laptop/Desktop,17.0,0.0,5.0,1.0,0.0,Increased
R54,Delhi-NCR,19,0.0,3,Smartphone,2.0,2.0,10.0,1.0,0.5,Remain Constant
R55,Delhi-NCR,21,4.0,3,Smartphone,4.0,1.0,8.0,2.0,2.0,Remain Constant
R56,Delhi-NCR,19,4.0,1,Smartphone,2.0,0.0,7.0,1.0,0.0,Increased
R57,Delhi-NCR,19,2.0,1,Smartphone,2.0,2.0,8.0,1.0,0.0,Increased
R58,Delhi-NCR,18,1.0,1,Smartphone,8.0,0.0,8.0,5.0,2.0,Increased
R59,Delhi-NCR,20,5.0,3,Laptop/Desktop,1.0,1.0,7.0,1.0,0.0,Increased
R60,Delhi-NCR,21,0.0,1,Smartphone,5.0,0.0,8.0,1.0,1.0,Remain Constant
R61,Delhi-NCR,22,6.0,1,Laptop/Desktop,6.0,0.0,6.0,1.0,0.0,Increased
R62,Delhi-NCR,20,3.0,1,Laptop/Desktop,6.0,1.0,8.0,1.0,2.0,Increased
R63,Delhi-NCR,18,0.0,1,Laptop/Desktop,2.0,1.0,6.0,5.0,0.0,Remain Constant
R64,Delhi-NCR,20,2.0,1,Laptop/Desktop,0.0,1.0,8.0,2.0,0.0,Increased
R65,Delhi-NCR,23,2.0,1,Smartphone,1.0,1.0,7.0,5.0,1.0,Decreased
R66,Delhi-NCR,20,4.0,3,Smartphone,4.0,2.0,7.0,2.0,1.0,Increased
R68,Delhi-NCR,18,3.0,3,Smartphone,1.0,1.0,8.0,3.0,0.5,Remain Constant
R69,Delhi-NCR,20,1.5,1,Smartphone,3.0,2.0,9.0,1.0,1.0,Decreased
R70,Delhi-NCR,19,2.0,1,Tablet,2.0,1.0,8.0,5.0,0.0,Decreased
R71,Outside Delhi-NCR,20,2.0,1,Smartphone,3.0,1.0,6.0,2.0,1.0,Increased
R72,Delhi-NCR,22,6.0,1,Smartphone,4.0,0.0,7.0,2.0,0.0,Increased
R73,Delhi-NCR,20,2.0,1,Smartphone,2.0,0.0,7.0,3.0,2.0,Remain Constant
R74,Delhi-NCR,19,1.0,3,Laptop/Desktop,0.5,1.0,7.0,5.0,2.0,Remain Constant
R75,Delhi-NCR,18,3.0,1,Smartphone,2.0,2.0,8.0,8.0,0.0,Remain Constant
R76,Outside Delhi-NCR,19,3.0,3,Smartphone,5.0,0.0,5.0,4.0,0.0,Increased
R77,Delhi-NCR,19,0.0,1,Smartphone,1.0,1.0,8.0,2.0,0.0,Decreased
R78,Delhi-NCR,20,3.0,3,Laptop/Desktop,3.0,0.0,10.0,10.0,4.5,Increased
R79,Delhi-NCR,20,3.0,5,Laptop/Desktop,0.0,1.0,8.0,5.0,1.0,Increased
R80,Delhi-NCR,19,1.0,4,Laptop/Desktop,4.0,0.0,8.0,2.0,0.0,Increased
R81,Delhi-NCR,21,5.0,3,Laptop/Desktop,5.0,0.0,8.0,7.0,1.0,Increased
R82,Delhi-NCR,21,3.0,4,Smartphone,2.0,1.0,10.0,1.0,0.0,Remain Constant
R83,Delhi-NCR,19,2.0,1,Smartphone,2.0,0.5,9.0,3.0,1.0,Increased
R84,Delhi-NCR,20,0.0,1,Laptop/Desktop,1.0,1.0,12.0,2.0,2.0,Increased
R85,Outside Delhi-NCR,21,1.0,2,Smartphone,8.0,0.0,10.0,1.0,0.0,Decreased
R86,Delhi-NCR,19,2.0,1,Tablet,2.0,1.0,8.0,5.0,0.0,Decreased
R87,Delhi-NCR,20,5.0,3,Smartphone,3.0,1.0,7.0,1.5,0.0,Increased
R88,Outside Delhi-NCR,21,4.0,1,Smartphone,3.0,1.0,8.0,1.0,0.0,Decreased
R89,Delhi-NCR,18,3.0,1,Smartphone,4.0,1.0,7.0,1.0,0.0,Remain Constant
R90,Outside Delhi-NCR,19,4.0,3,Smartphone,3.0,1.0,7.0,3.0,2.0,Increased
R91,Outside Delhi-NCR,25,4.0,1,Smartphone,3.0,1.0,7.0,1.0,0.0,Remain Constant
R92,Delhi-NCR,19,0.0,1,Smartphone,4.0,1.0,8.0,1.0,0.0,Increased
R93,Delhi-NCR,19,4.0,1,Laptop/Desktop,0.0,0.0,8.0,2.0,1.5,Increased
R94,Delhi-NCR,20,4.0,4,Smartphone,2.0,2.0,8.0,6.0,0.0,Decreased
R95,Delhi-NCR,20,2.0,3,Smartphone,3.0,1.0,5.0,4.0,1.0,Increased
R96,Delhi-NCR,19,5.0,4,Tablet,3.0,1.0,8.0,2.0,0.0,Remain Constant
R97,Delhi-NCR,19,3.0,3,Smartphone,1.0,0.0,10.0,4.0,0.0,Remain Constant
R98,Delhi-NCR,22,2.0,3,Smartphone,0.0,0.0,12.0,4.0,2.0,Increased
R99,Outside Delhi-NCR,21,1.0,4,Smartphone,3.0,2.0,10.0,1.0,2.0,Increased
R100,Delhi-NCR,21,1.0,1,Smartphone,2.0,1.0,8.0,1.0,0.0,Increased
R101,Outside Delhi-NCR,16,6.0,2,Smartphone,2.0,2.0,7.0,2.0,1.0,Remain Constant
R102,Outside Delhi-NCR,21,3.0,3,Laptop/Desktop,5.0,0.0,8.0,7.0,1.0,Remain Constant
R103,Outside Delhi-NCR,21,4.0,1,Smartphone,4.0,1.0,7.0,1.0,0.0,Decreased
R104,Outside Delhi-NCR,16,3.0,1,Smartphone,3.0,1.0,7.0,3.0,1.0,Remain Constant
R105,Delhi-NCR,21,2.0,1,Smartphone,7.0,2.0,8.0,0.5,0.0,Increased
R106,Outside Delhi-NCR,23,4.0,5,Laptop/Desktop,6.0,1.0,8.0,0.3,0.0,Increased
R107,Delhi-NCR,19,2.0,1,Smartphone,1.5,1.0,7.0,2.0,,Remain Constant
R108,Delhi-NCR,20,1.0,1,Smartphone,2.0,1.0,8.0,1.0,0.0,Increased
R109,Delhi-NCR,18,2.0,1,Smartphone,3.0,1.0,8.0,1.0,1.0,Decreased
R110,Outside Delhi-NCR,10,3.0,4,Tablet,3.0,0.0,10.0,1.0,4.0,Remain Constant
R111,Outside Delhi-NCR,20,0.0,1,Smartphone,2.0,2.0,8.0,0.15,0.3,Decreased
R112,Delhi-NCR,21,3.0,3,Smartphone,3.0,0.0,11.0,2.0,,Increased
R113,Delhi-NCR,19,1.0,1,Smartphone,4.0,1.0,8.0,1.0,0.0,Remain Constant
R114,Outside Delhi-NCR,14,5.0,3,Laptop/Desktop,4.0,1.0,7.0,4.0,1.0,Increased
R115,Delhi-NCR,18,2.0,1,Smartphone,3.0,1.0,10.0,2.0,0.0,Remain Constant
R116,Delhi-NCR,18,3.0,1,Smartphone,6.0,0.0,7.0,3.0,1.0,Remain Constant
R117,Outside Delhi-NCR,24,4.0,5,Laptop/Desktop,8.0,1.0,8.0,2.0,2.0,Increased
R118,Outside Delhi-NCR,14,3.0,4,Smartphone,5.0,1.0,12.0,0.3,1.0,Remain Constant
R119,Outside Delhi-NCR,21,4.0,4,Laptop/Desktop,2.0,2.0,7.0,2.0,1.0,Increased
R120,Delhi-NCR,19,2.0,3,Smartphone,6.0,1.0,6.0,1.0,0.0,Increased
R121,Delhi-NCR,18,2.5,3,Smartphone,2.0,1.0,8.0,1.0,0.0,Remain Constant
R122,Outside Delhi-NCR,23,6.0,3,Laptop/Desktop,5.0,1.0,6.0,1.0,0.0,Remain Constant
R123,Outside Delhi-NCR,21,4.0,3,Smartphone,4.0,1.0,8.0,1.0,0.0,Remain Constant
R124,Delhi-NCR,18,5.0,1,Smartphone,3.0,0.0,9.0,7.0,0.0,Increased
R125,Delhi-NCR,19,1.0,1,Smartphone,2.0,0.0,7.0,1.0,0.0,Increased
R126,Outside Delhi-NCR,20,5.0,3,Smartphone,4.0,1.0,7.0,2.0,1.0,Increased
R127,Delhi-NCR,20,2.0,3,Smartphone,3.0,0.5,6.5,1.0,0.5,Remain Constant
R128,Delhi-NCR,19,2.0,1,Smartphone,4.0,1.0,8.0,2.0,0.0,Decreased
R129,Outside Delhi-NCR,15,1.0,4,Smartphone,3.0,1.0,6.0,4.0,1.5,Increased
R131,Outside Delhi-NCR,20,3.0,1,Smartphone,3.0,0.0,9.0,2.0,2.0,Decreased
R132,Delhi-NCR,17,6.0,3,Laptop/Desktop,4.0,1.0,8.0,1.0,1.0,Remain Constant
R133,Delhi-NCR,18,2.0,1,Smartphone,2.0,1.0,9.0,2.0,2.0,Increased
R134,Delhi-NCR,20,2.0,1,Smartphone,4.0,0.0,10.0,4.0,2.0,Decreased
R135,Delhi-NCR,18,5.0,3,Smartphone,1.0,1.0,8.0,1.0,0.0,Increased
R136,Delhi-NCR,22,0.1,2,Smartphone,2.5,1.0,12.0,0.3,0.0,Increased
R137,Delhi-NCR,18,3.0,1,Smartphone,5.0,1.0,7.0,2.0,0.0,Remain Constant
R138,Delhi-NCR,15,4.0,3,Smartphone,2.0,0.5,6.0,1.0,1.0,Remain Constant
R139,Outside Delhi-NCR,22,1.0,1,Laptop/Desktop,10.0,1.0,7.0,1.0,0.0,Remain Constant
R140,Delhi-NCR,19,3.0,1,Laptop/Desktop,2.0,1.0,9.0,1.0,0.0,Decreased
R141,Delhi-NCR,20,3.0,1,Smartphone,5.0,0.0,7.0,2.0,1.0,Remain Constant
R142,Outside Delhi-NCR,20,3.0,1,Smartphone,3.0,0.0,9.0,2.0,2.0,Decreased
R143,Delhi-NCR,20,1.0,1,Smartphone,1.0,0.0,6.0,0.0,0.0,Increased
R144,Delhi-NCR,18,2.0,2,Smartphone,6.0,1.0,7.0,1.0,1.0,Increased
R145,Delhi-NCR,19,2.0,1,Smartphone,2.0,2.0,8.0,2.0,3.0,Increased
R146,Outside Delhi-NCR,14,4.0,3,Smartphone,2.0,1.0,8.0,2.0,1.0,Remain Constant
R147,Delhi-NCR,20,6.0,3,Laptop/Desktop,1.0,1.0,6.0,1.0,0.0,Increased
R148,Delhi-NCR,20,3.0,3,Laptop/Desktop,2.0,1.0,8.0,2.0,2.0,Remain Constant
R149,Delhi-NCR,19,6.0,1,Smartphone,3.0,0.0,7.0,2.0,0.5,Increased
R150,Delhi-NCR,19,1.0,3,Laptop/Desktop,1.0,1.0,10.0,1.0,0.0,Remain Constant
R151,Delhi-NCR,18,2.0,1,Smartphone,2.0,1.0,10.0,2.0,0.0,Remain Constant
R152,Outside Delhi-NCR,21,4.0,1,Smartphone,4.0,1.0,8.0,2.0,0.0,Increased
R153,Outside Delhi-NCR,15,4.0,3,Smartphone,7.0,2.0,6.0,1.0,1.0,Remain Constant
R154,Delhi-NCR,20,5.0,1,Tablet,3.0,1.0,8.0,2.0,3.0,Increased
R155,Outside Delhi-NCR,21,1.0,1,Smartphone,3.0,0.0,6.0,1.0,1.0,Decreased
R156,Delhi-NCR,19,0.5,1,Smartphone,7.0,2.0,7.0,0.1,0.0,Remain Constant
R157,Delhi-NCR,20,3.0,1,Laptop/Desktop,1.0,0.0,6.0,2.0,0.0,Increased
R158,Delhi-NCR,21,5.0,3,Smartphone,1.0,0.0,5.0,1.0,0.0,Decreased
R159,Delhi-NCR,21,4.0,5,Laptop/Desktop,6.0,2.0,6.0,1.0,1.0,Remain Constant
R160,Delhi-NCR,21,3.0,1,Smartphone,2.0,0.0,7.0,2.0,0.0,Increased
R161,Delhi-NCR,20,4.0,3,Laptop/Desktop,2.0,0.0,7.0,2.0,4.0,Increased
R162,Outside Delhi-NCR,20,6.0,1,Smartphone,3.0,0.0,8.0,4.0,2.0,Increased
R163,Outside Delhi-NCR,23,0.0,1,Laptop/Desktop,1.0,0.0,10.0,4.0,0.0,Increased
R164,Outside Delhi-NCR,21,4.0,1,Smartphone,3.0,1.0,8.0,1.0,1.0,Remain Constant
R165,Delhi-NCR,22,1.0,1,Smartphone,4.0,1.0,7.0,2.0,0.0,Increased
R166,Delhi-NCR,23,3.0,4,Tablet,0.0,0.0,12.0,4.0,0.0,Increased
R167,Delhi-NCR,22,4.0,4,Smartphone,4.0,0.5,8.0,2.0,0.0,Increased
R168,Outside Delhi-NCR,21,0.0,1,Smartphone,1.0,0.0,7.0,10.0,0.0,Increased
R169,Outside Delhi-NCR,20,0.0,1,Smartphone,3.0,2.0,12.0,1.0,0.0,Increased
R170,Outside Delhi-NCR,15,4.0,3,Smartphone,2.0,3.0,7.0,1.0,2.0,Increased
R171,Outside Delhi-NCR,20,0.0,1,Smartphone,3.0,2.0,8.0,2.0,1.0,Remain Constant
R172,Outside Delhi-NCR,20,0.0,1,Smartphone,1.0,0.0,8.0,0.5,1.0,Decreased
R173,Outside Delhi-NCR,16,4.0,5,Laptop/Desktop,3.0,2.0,10.0,1.0,1.0,Increased
R174,Outside Delhi-NCR,22,1.0,3,Smartphone,3.0,1.0,7.0,1.0,0.0,Remain Constant
R175,Delhi-NCR,20,5.0,3,Laptop/Desktop,4.0,0.0,10.0,2.0,4.0,Decreased
R176,Outside Delhi-NCR,21,0.0,4,Smartphone,4.0,1.0,8.0,2.0,0.0,Decreased
R178,Outside Delhi-NCR,22,0.0,3,Laptop/Desktop,3.0,1.0,9.0,0.0,2.0,Decreased
R179,Delhi-NCR,22,6.0,4,Laptop/Desktop,2.0,1.0,8.0,4.0,0.0,Remain Constant
R180,Outside Delhi-NCR,21,1.0,3,Laptop/Desktop,1.0,2.0,7.0,2.0,1.0,Increased
R181,Outside Delhi-NCR,20,1.0,1,Smartphone,2.0,1.0,8.0,3.0,0.0,Remain Constant
R182,Outside Delhi-NCR,21,3.0,3,Smartphone,0.5,3.0,6.0,2.0,0.0,Remain Constant
R183,Outside Delhi-NCR,19,2.0,1,Smartphone,2.0,1.0,8.0,2.0,2.0,Increased
R184,Outside Delhi-NCR,22,1.0,1,Smartphone,7.0,0.0,7.0,1.0,0.0,Remain Constant
R185,Outside Delhi-NCR,20,3.0,1,Laptop/Desktop,1.5,1.0,6.0,2.0,1.5,Decreased
R186,Outside Delhi-NCR,14,4.0,1,Smartphone,1.0,0.0,9.0,1.5,5.0,Remain Constant
R187,Delhi-NCR,22,1.0,3,Smartphone,4.0,0.5,11.0,1.0,0.0,Remain Constant
R188,Outside Delhi-NCR,22,2.0,3,Laptop/Desktop,5.0,0.0,8.0,3.0,1.0,Increased
R189,Delhi-NCR,19,2.0,2,Smartphone,10.0,0.25,8.0,2.0,0.0,Increased
R190,Outside Delhi-NCR,21,1.0,3,Smartphone,0.0,1.0,6.0,2.0,0.0,Decreased
R191,Outside Delhi-NCR,15,5.0,3,Smartphone,5.0,0.0,7.0,3.0,2.0,Remain Constant
R192,Outside Delhi-NCR,21,3.0,4,Laptop/Desktop,3.0,0.5,8.0,4.0,0.0,Remain Constant
R193,Delhi-NCR,21,3.0,1,Smartphone,8.0,3.0,7.0,3.0,0.0,Decreased
R195,Outside Delhi-NCR,22,3.0,1,Laptop/Desktop,0.0,5.0,8.0,10.0,,Remain Constant
R197,Delhi-NCR,21,4.0,4,Laptop/Desktop,4.0,1.0,7.0,2.0,2.0,Remain Constant
R198,Outside Delhi-NCR,20,3.0,3,Laptop/Desktop,3.0,1.0,7.0,1.0,0.0,Remain Constant
R199,Outside Delhi-NCR,20,3.0,1,Laptop/Desktop,5.0,0.0,7.5,2.0,0.5,Increased
R200,Outside Delhi-NCR,25,2.0,1,Laptop/Desktop,3.0,1.0,8.0,4.0,1.0,Increased
R201,Outside Delhi-NCR,19,0.5,1,Smartphone,3.0,1.0,8.0,1.0,0.0,Remain Constant
R202,Delhi-NCR,26,5.0,3,Laptop/Desktop,10.0,1.0,8.0,1.0,0.5,Remain Constant
R203,Outside Delhi-NCR,20,3.0,4,Laptop/Desktop,4.0,0.0,8.0,2.0,0.0,Remain Constant
R204,Delhi-NCR,24,7.0,1,Laptop/Desktop,7.0,2.0,7.0,2.0,0.0,Remain Constant
R205,Delhi-NCR,21,0.0,1,Laptop/Desktop,0.0,2.0,12.0,6.0,0.0,Increased
R206,Delhi-NCR,20,5.0,4,Smartphone,2.5,1.0,9.0,3.0,0.5,Remain Constant
R207,Delhi-NCR,16,7.0,3,Tablet,4.0,1.0,7.0,1.0,0.0,Remain Constant
R208,Delhi-NCR,17,6.0,3,Laptop/Desktop,1.0,0.0,7.0,2.0,0.0,Remain Constant
R210,Delhi-NCR,17,7.0,4,Smartphone,4.0,0.0,7.0,1.0,1.0,Increased
R211,Delhi-NCR,16,6.0,1,Smartphone,5.0,0.0,7.0,2.0,0.0,Increased
R212,Outside Delhi-NCR,20,3.0,3,Laptop/Desktop,4.0,1.0,7.0,2.0,2.0,Remain Constant
R214,Delhi-NCR,17,6.0,1,Smartphone,1.5,2.0,7.0,2.0,0.5,Increased
R215,Delhi-NCR,17,6.0,3,Laptop/Desktop,5.0,0.5,7.0,1.0,1.0,Remain Constant
R216,Delhi-NCR,20,3.0,4,Laptop/Desktop,4.0,0.0,7.0,4.0,0.0,Remain Constant
R217,Outside Delhi-NCR,17,6.0,3,Tablet,2.0,1.0,7.0,1.0,1.0,Remain Constant
R218,Delhi-NCR,20,4.0,1,Smartphone,2.0,0.0,7.0,0.5,0.5,Increased
R219,Outside Delhi-NCR,16,8.0,4,Laptop/Desktop,7.0,0.0,6.0,1.0,0.5,Remain Constant
R220,Delhi-NCR,19,0.5,1,Smartphone,5.0,0.5,10.0,1.0,1.0,Remain Constant
R221,Delhi-NCR,20,0.0,1,Laptop/Desktop,2.0,0.0,10.0,3.0,2.0,Increased
R222,Outside Delhi-NCR,22,4.0,3,Laptop/Desktop,3.0,1.0,8.0,3.0,0.0,Increased
R223,Outside Delhi-NCR,17,9.0,2,Laptop/Desktop,3.0,0.0,5.0,0.5,1.0,Remain Constant
R224,Delhi-NCR,23,1.0,1,Smartphone,8.0,2.0,8.0,2.0,2.0,Decreased
R225,Outside Delhi-NCR,22,0.0,1,Laptop/Desktop,3.0,0.0,10.0,8.0,0.0,Increased
R226,Delhi-NCR,22,1.5,3,Laptop/Desktop,0.0,0.0,9.0,6.0,2.0,Increased
R227,Outside Delhi-NCR,19,2.0,1,Smartphone,2.0,1.0,8.0,2.0,1.0,Decreased
R228,Delhi-NCR,19,2.0,1,Smartphone,5.0,1.0,9.0,2.0,0.0,Remain Constant
R229,Outside Delhi-NCR,23,1.0,1,Laptop/Desktop,1.0,0.0,8.0,5.0,0.0,Increased
R231,Delhi-NCR,17,6.0,3,Smartphone,12.0,1.0,8.0,2.0,3.0,Remain Constant
R233,Delhi-NCR,22,4.0,3,Laptop/Desktop,3.0,2.0,8.0,2.0,0.5,Increased
R234,Outside Delhi-NCR,17,6.0,1,Any Gadget,4.0,2.5,8.0,0.5,0.0,Remain Constant
R235,Outside Delhi-NCR,17,5.0,3,Laptop/Desktop,1.5,2.0,8.0,1.0,3.0,Decreased
R236,Delhi-NCR,22,5.0,4,Laptop/Desktop,10.0,1.0,6.0,1.0,0.0,Remain Constant
R237,Outside Delhi-NCR,18,2.0,1,Smartphone,2.0,2.0,9.0,4.0,0.0,Increased
R238,Delhi-NCR,20,5.0,1,Laptop/Desktop,12.0,0.0,7.0,1.0,0.0,Increased
R239,Outside Delhi-NCR,30,3.0,3,Smartphone,1.0,0.5,4.0,1.0,0.5,Remain Constant
R240,Delhi-NCR,19,1.0,3,Laptop/Desktop,1.0,0.0,8.0,1.0,2.0,Remain Constant
R241,Outside Delhi-NCR,14,3.0,4,Laptop/Desktop,2.0,0.0,8.0,1.0,1.0,Increased
R243,Outside Delhi-NCR,16,7.0,3,Smartphone,3.0,2.0,11.0,1.5,1.0,Decreased
R244,Delhi-NCR,17,6.0,3,Smartphone,2.0,1.0,9.0,3.0,0.5,Remain Constant
R245,Delhi-NCR,20,1.0,1,Tablet,2.0,2.0,8.0,1.0,0.0,Decreased
R246,Delhi-NCR,17,4.0,4,Smartphone,2.0,0.0,7.0,3.0,2.0,Increased
R247,Delhi-NCR,20,6.0,3,Any Gadget,2.0,0.0,6.0,4.0,0.0,Increased
R249,Outside Delhi-NCR,17,5.0,3,Smartphone,4.0,2.0,7.0,2.0,2.0,Increased
R250,Delhi-NCR,21,3.0,1,Laptop/Desktop,2.0,0.0,7.0,2.0,2.0,Remain Constant
R251,Delhi-NCR,16,4.0,2,Laptop/Desktop,0.0,0.0,9.0,1.0,1.0,Remain Constant
R252,Delhi-NCR,21,5.0,3,Smartphone,2.0,2.0,6.0,5.0,0.0,Increased
R254,Outside Delhi-NCR,20,4.0,4,Laptop/Desktop,5.0,1.0,7.0,0.1,0.0,Remain Constant
R255,Outside Delhi-NCR,14,4.0,3,Smartphone,4.0,0.0,8.0,2.0,2.0,Increased
R256,Delhi-NCR,19,3.0,4,Laptop/Desktop,2.0,0.0,8.0,5.0,1.5,Increased
R257,Delhi-NCR,18,0.0,1,Laptop/Desktop,3.0,0.0,8.0,4.0,1.0,Increased
R258,Outside Delhi-NCR,13,5.0,1,Laptop/Desktop,4.0,1.0,8.0,10.0,0.0,Decreased
R259,Outside Delhi-NCR,20,4.0,1,Laptop/Desktop,8.0,0.0,6.0,1.0,0.0,Decreased
R260,Outside Delhi-NCR,19,0.0,1,Laptop/Desktop,4.0,0.3,8.0,2.0,0.0,Remain Constant
R261,Outside Delhi-NCR,15,5.0,3,Smartphone,1.0,0.0,7.0,1.0,1.5,Remain Constant
R262,Outside Delhi-NCR,20,1.0,1,Smartphone,0.0,0.0,10.0,5.0,1.0,Increased
R263,Delhi-NCR,19,0.0,1,Laptop/Desktop,1.0,0.0,8.0,4.0,2.0,Increased
R264,Outside Delhi-NCR,21,3.0,4,Laptop/Desktop,3.0,1.0,6.0,0.5,0.5,Increased
R265,Outside Delhi-NCR,20,4.0,1,Laptop/Desktop,2.0,1.0,8.0,4.0,0.0,Increased
R266,Delhi-NCR,20,4.0,4,Laptop/Desktop,5.0,1.0,6.0,2.0,0.5,Remain Constant
R267,Outside Delhi-NCR,16,6.0,4,Laptop/Desktop,3.0,0.0,7.0,1.0,1.0,Remain Constant
R268,Delhi-NCR,21,2.0,2,Laptop/Desktop,2.0,1.0,5.0,3.0,1.0,Remain Constant
R269,Delhi-NCR,17,5.5,4,Smartphone,5.0,1.0,9.0,1.0,1.0,Remain Constant
R270,Delhi-NCR,21,0.0,3,Laptop/Desktop,12.0,0.0,7.0,3.0,0.0,Remain Constant
R271,Delhi-NCR,20,0.0,4,Smartphone,0.0,0.0,7.5,3.5,2.0,Remain Constant
R272,Delhi-NCR,21,4.0,3,Laptop/Desktop,2.0,1.0,8.0,3.0,,Remain Constant
R273,Delhi-NCR,20,3.0,1,Smartphone,5.0,1.0,7.0,1.0,0.0,Increased
R274,Outside Delhi-NCR,16,4.0,2,Smartphone or Laptop/Desktop,2.5,0.5,6.0,0.5,1.0,Remain Constant
R275,Outside Delhi-NCR,19,0.0,1,Laptop/Desktop,8.0,1.0,8.0,2.0,0.0,Increased
R276,Delhi-NCR,19,1.0,1,Laptop/Desktop,3.0,0.0,8.0,3.0,3.0,Increased
R278,Outside Delhi-NCR,19,1.0,5,Laptop/Desktop,1.0,3.0,9.0,2.0,0.0,Remain Constant
R279,Delhi-NCR,20,2.0,4,Laptop/Desktop,1.0,0.0,10.0,1.0,0.0,Remain Constant
R280,Delhi-NCR,19,2.0,3,Smartphone,3.0,1.0,9.0,3.0,3.0,Increased
R281,Outside Delhi-NCR,17,7.0,3,Laptop/Desktop,2.0,0.0,6.0,2.0,2.0,Increased
R282,Delhi-NCR,21,0.0,1,Laptop/Desktop,2.0,0.0,8.0,3.0,5.0,Decreased
R283,Outside Delhi-NCR,17,6.0,4,Smartphone,4.0,0.0,7.0,1.0,2.0,Decreased
R285,Delhi-NCR,25,5.0,3,Laptop/Desktop,6.0,0.0,8.0,1.0,0.0,Remain Constant
R286,Delhi-NCR,19,3.0,3,Laptop/Desktop,6.0,0.5,8.0,0.6,1.5,Increased
R287,Delhi-NCR,16,5.0,1,Smartphone,2.0,1.0,8.0,2.0,,Increased
R288,Delhi-NCR,17,7.0,4,Smartphone,5.0,0.5,7.0,2.0,2.0,Increased
R289,Delhi-NCR,18,1.0,3,Smartphone,2.0,0.0,10.0,1.0,0.5,Remain Constant
R290,Outside Delhi-NCR,20,5.0,5,Laptop/Desktop,1.0,1.0,8.0,3.0,0.0,Remain Constant
R291,Delhi-NCR,20,3.0,1,Laptop/Desktop,9.0,1.0,6.0,1.0,0.0,Increased
R292,Delhi-NCR,20,1.0,1,Laptop/Desktop,3.0,1.0,9.0,4.0,0.0,Increased
R293,Delhi-NCR,22,3.0,3,Smartphone,3.0,0.0,8.0,2.0,1.0,Increased
R294,Outside Delhi-NCR,16,7.0,5,Tablet,2.0,1.0,6.0,2.0,0.0,Decreased
R295,Delhi-NCR,19,2.0,1,Laptop/Desktop,1.0,1.0,7.0,5.0,1.0,Remain Constant
R296,Outside Delhi-NCR,17,9.0,3,Laptop/Desktop,5.0,1.0,6.0,1.0,0.0,Decreased
R297,Outside Delhi-NCR,20,0.0,3,Laptop/Desktop,1.0,0.0,9.0,5.0,2.0,Remain Constant
R298,Delhi-NCR,21,0.0,1,Laptop/Desktop,6.0,0.0,6.0,4.0,2.0,Increased
R299,Outside Delhi-NCR,19,2.0,1,Laptop/Desktop,3.0,1.0,8.0,1.0,2.0,Remain Constant
R301,Delhi-NCR,17,8.0,1,Smartphone,2.0,1.0,9.0,0.0,0.0,Remain Constant
R302,Outside Delhi-NCR,25,1.0,3,Laptop/Desktop,3.0,1.0,7.0,3.0,2.0,Increased
R303,Delhi-NCR,20,3.0,3,Smartphone,2.0,0.5,8.0,3.0,0.0,Remain Constant
R305,Outside Delhi-NCR,19,5.0,5,Smartphone,5.0,1.0,7.0,2.0,3.0,Increased
R306,Delhi-NCR,23,5.0,3,Smartphone,5.0,1.0,8.0,1.0,2.0,Remain Constant
R307,Outside Delhi-NCR,22,2.0,3,Laptop/Desktop,8.0,1.0,8.0,2.0,1.0,Remain Constant
R308,Outside Delhi-NCR,22,4.0,3,Laptop/Desktop,1.0,1.0,8.0,4.0,1.0,Increased
R310,Delhi-NCR,21,3.0,3,Laptop/Desktop,3.0,2.0,6.5,2.0,2.0,Increased
R311,Outside Delhi-NCR,22,1.0,3,Smartphone,3.0,1.0,8.0,1.0,0.0,Decreased
R312,Outside Delhi-NCR,24,3.0,1,Laptop/Desktop,4.0,0.0,6.0,3.0,4.0,Remain Constant
R313,Delhi-NCR,14,3.0,3,Tablet,6.0,3.0,7.0,3.0,1.0,Remain Constant
R314,Outside Delhi-NCR,16,4.0,1,Smartphone,3.0,0.0,8.0,4.0,0.0,Remain Constant
R315,Delhi-NCR,19,1.0,3,Laptop/Desktop,3.0,2.0,7.0,1.0,2.0,Remain Constant
R316,Outside Delhi-NCR,21,5.0,1,Laptop/Desktop,3.0,2.0,10.0,6.0,1.0,Increased
R317,Delhi-NCR,17,2.0,3,Laptop/Desktop,5.0,0.0,8.0,4.0,0.0,Remain Constant
R318,Delhi-NCR,16,4.0,4,Smartphone,2.0,0.5,9.0,1.0,0.1,Increased
R320,Delhi-NCR,29,8.0,4,Laptop/Desktop,2.0,1.0,8.0,0.5,2.0,Remain Constant
R321,Outside Delhi-NCR,26,1.0,4,Laptop/Desktop,4.0,0.0,6.0,6.0,4.0,Remain Constant
R322,Delhi-NCR,21,5.0,1,Smartphone,2.0,1.0,12.0,2.0,1.0,Increased
R323,Outside Delhi-NCR,18,0.0,1,Smartphone,0.0,2.0,7.0,6.0,0.0,Increased
R324,Delhi-NCR,19,3.0,1,Smartphone,0.0,0.0,12.0,5.0,0.0,Decreased
R325,Delhi-NCR,21,2.0,3,Laptop/Desktop,2.0,1.0,10.0,2.0,0.25,Remain Constant
R326,Delhi-NCR,12,1.0,4,Laptop/Desktop,3.0,2.0,8.0,2.0,1.0,Increased
R327,Delhi-NCR,26,0.0,1,Smartphone,1.0,1.0,7.0,1.0,2.0,Decreased
R328,Outside Delhi-NCR,20,6.0,1,Laptop/Desktop,6.0,0.0,6.0,3.0,0.0,Increased
R329,Delhi-NCR,16,4.0,1,Smartphone,2.0,1.0,9.0,2.0,1.0,Decreased
R330,Delhi-NCR,21,0.0,3,Laptop/Desktop,2.0,0.0,10.0,5.0,1.0,Increased
R331,Outside Delhi-NCR,21,5.0,3,Laptop/Desktop,2.0,0.0,8.0,0.5,1.0,Increased
R332,Delhi-NCR,20,6.0,3,Laptop/Desktop,4.0,0.0,7.0,1.0,0.0,Increased
R333,Delhi-NCR,21,0.0,1,Laptop/Desktop,2.0,1.0,7.0,1.0,0.0,Remain Constant
R334,Outside Delhi-NCR,21,2.0,3,Smartphone,2.0,1.0,7.0,1.0,4.0,Remain Constant
R335,Delhi-NCR,19,1.0,1,Laptop/Desktop,0.0,0.0,12.0,10.0,2.0,Remain Constant
R336,Outside Delhi-NCR,21,2.0,3,Laptop/Desktop,2.0,0.0,8.0,2.0,1.0,Remain Constant
R337,Delhi-NCR,14,5.0,3,Smartphone,2.3,0.0,8.0,2.0,3.0,Remain Constant
R338,Delhi-NCR,22,1.0,3,Laptop/Desktop,2.0,0.0,11.0,3.0,3.0,Increased
R339,Delhi-NCR,19,2.0,3,Smartphone,2.5,0.0,9.0,2.0,1.0,Remain Constant
R340,Outside Delhi-NCR,18,4.0,3,Smartphone,1.0,1.0,12.0,1.0,1.0,Increased
R341,Outside Delhi-NCR,16,8.0,3,Laptop/Desktop,6.0,0.0,6.0,1.0,0.0,Remain Constant
R343,Outside Delhi-NCR,15,4.0,1,Tablet,10.0,0.0,8.0,1.0,1.0,Remain Constant
R345,Delhi-NCR,15,3.0,4,Laptop/Desktop,3.0,1.0,7.0,1.0,2.0,Increased
R354,Outside Delhi-NCR,21,3.0,3,Laptop/Desktop,3.0,1.0,8.0,2.0,0.0,Increased
R355,Delhi-NCR,15,5.0,3,Smartphone,3.0,3.0,8.0,3.0,2.0,Remain Constant
R357,Delhi-NCR,17,0.75,3,Smartphone,5.0,1.0,6.0,2.0,2.0,Increased
R358,Delhi-NCR,12,1.0,5,Smartphone,2.0,1.0,9.0,2.0,1.0,Increased
R359,Delhi-NCR,16,1.0,3,Smartphone,2.0,1.0,7.0,2.0,3.0,Remain Constant
R360,Delhi-NCR,17,7.0,3,Laptop/Desktop,8.0,1.0,6.0,1.0,1.0,Increased
R361,Delhi-NCR,14,2.5,4,Smartphone,1.0,0.5,6.0,2.0,1.0,Decreased
R362,Outside Delhi-NCR,16,4.0,3,Smartphone,5.0,1.0,6.0,2.0,2.0,Remain Constant
R363,Delhi-NCR,13,2.0,5,Smartphone,1.0,3.0,11.0,3.0,2.0,Increased
R364,Delhi-NCR,23,0.0,3,Laptop/Desktop,2.0,0.0,7.0,3.0,0.0,Remain Constant
R365,Delhi-NCR,21,6.0,1,Smartphone,0.0,1.0,7.0,4.0,1.0,Increased
R367,Delhi-NCR,23,5.0,5,Smartphone,1.0,1.0,9.0,2.0,0.0,Decreased
R368,Delhi-NCR,13,1.0,5,Smartphone,5.0,3.0,6.0,2.0,2.0,Increased
R369,Delhi-NCR,21,3.0,3,Laptop/Desktop,0.0,1.0,8.0,3.0,0.0,Increased
R370,Delhi-NCR,17,6.0,3,Laptop/Desktop,2.5,1.0,6.0,0.0,0.5,Remain Constant
R371,Delhi-NCR,23,3.0,4,Laptop/Desktop,3.0,0.0,7.0,2.0,0.0,Remain Constant
R372,Delhi-NCR,13,1.0,5,Smartphone,2.0,0.0,8.0,0.0,4.0,Increased
R373,Delhi-NCR,20,1.0,3,Laptop/Desktop,2.5,0.0,6.0,4.0,1.0,Remain Constant
R374,Delhi-NCR,13,0.5,3,Smartphone,2.0,2.0,10.0,2.0,0.0,Increased
R375,Delhi-NCR,14,2.0,5,Smartphone,1.0,1.0,8.0,1.0,2.0,Increased
R377,Delhi-NCR,12,1.0,5,Smartphone,1.2,0.5,10.0,0.0,2.0,Increased
R378,Delhi-NCR,20,3.0,1,Laptop/Desktop,2.0,1.0,8.0,4.0,0.0,Remain Constant
R379,Delhi-NCR,12,1.0,4,Smartphone,2.0,0.5,8.0,2.0,2.0,Remain Constant
R380,Delhi-NCR,21,3.0,3,Laptop/Desktop,3.0,0.0,8.0,2.0,0.0,Decreased
R382,Outside Delhi-NCR,20,3.0,4,Smartphone,4.0,2.0,7.0,4.0,0.5,Remain Constant
R391,Delhi-NCR,23,3.0,4,Smartphone,1.0,0.0,6.0,2.0,3.0,Remain Constant
R392,Delhi-NCR,12,2.0,5,Smartphone,2.0,1.0,10.0,1.0,1.0,Remain Constant
R393,Outside Delhi-NCR,17,2.0,5,Smartphone,3.0,1.0,6.0,2.0,2.0,Increased
R394,Outside Delhi-NCR,18,1.0,3,Laptop/Desktop,1.0,0.0,8.0,4.0,0.0,Decreased
R395,Outside Delhi-NCR,20,1.0,3,Laptop/Desktop,2.0,2.0,9.0,4.0,5.0,Remain Constant
R396,Outside Delhi-NCR,17,5.0,3,Smartphone,3.0,1.0,6.0,1.0,2.0,Remain Constant
R397,Delhi-NCR,20,1.0,3,Laptop/Desktop,4.0,0.0,8.0,3.0,0.0,Remain Constant
R398,Delhi-NCR,20,3.0,1,Laptop/Desktop,4.0,1.0,8.0,2.0,0.5,Remain Constant
R399,Delhi-NCR,19,0.75,2,Laptop/Desktop,2.0,1.0,6.0,4.0,0.0,Remain Constant
R400,Outside Delhi-NCR,20,4.0,4,Laptop/Desktop,2.0,0.0,11.0,1.0,0.0,Increased
R401,Delhi-NCR,16,2.0,5,Smartphone,5.0,1.0,8.0,4.0,4.0,Increased
R402,Delhi-NCR,13,3.0,5,Smartphone,2.0,0.0,8.0,1.0,0.0,Remain Constant
R403,Delhi-NCR,20,0.0,4,Laptop/Desktop,4.0,1.0,7.0,4.0,2.0,Remain Constant
R404,Outside Delhi-NCR,14,3.0,5,Smartphone,2.0,0.0,10.0,1.0,1.0,Remain Constant
R405,Delhi-NCR,17,2.0,4,Smartphone,1.0,1.0,8.0,3.0,2.0,Decreased
R406,Outside Delhi-NCR,20,1.0,1,Laptop/Desktop,1.0,0.0,12.0,2.0,1.0,Increased
R407,Delhi-NCR,17,7.0,5,Smartphone,1.0,1.0,4.0,1.0,0.0,Decreased
R408,Outside Delhi-NCR,13,2.0,5,Smartphone,1.0,1.0,6.0,2.0,0.0,Decreased
R409,Delhi-NCR,13,1.0,4,Smartphone,2.0,1.0,8.0,3.0,0.5,Remain Constant
R410,Outside Delhi-NCR,20,2.0,1,Laptop/Desktop,4.0,1.0,8.0,2.0,0.0,Remain Constant
R411,Outside Delhi-NCR,27,0.0,4,Laptop/Desktop,2.0,0.0,10.0,6.0,6.0,Decreased
R412,Delhi-NCR,20,1.0,4,Laptop/Desktop,0.0,1.0,7.0,2.0,0.0,Decreased
R413,Delhi-NCR,20,5.0,1,Laptop/Desktop,3.0,1.0,7.0,4.0,0.0,Decreased
R414,Delhi-NCR,17,4.0,3,Smartphone,1.0,1.0,8.0,5.0,0.3,Increased
R415,Delhi-NCR,27,3.0,5,Laptop/Desktop,2.0,2.0,7.0,1.0,0.0,Decreased
R416,Outside Delhi-NCR,14,1.0,4,Smartphone,3.0,1.0,9.0,1.0,0.0,Increased
R417,Delhi-NCR,9,1.0,3,Laptop/Desktop,1.0,0.0,8.0,0.0,1.0,Increased
R418,Delhi-NCR,14,5.0,3,Smartphone,1.0,1.0,7.0,1.0,4.5,Decreased
R420,Delhi-NCR,8,2.0,5,Laptop/Desktop,2.0,1.0,8.0,1.0,2.0,Remain Constant
R421,Delhi-NCR,20,2.0,3,Laptop/Desktop,1.0,1.0,7.0,1.0,1.0,Remain Constant
R422,Outside Delhi-NCR,12,2.0,3,Laptop/Desktop,1.0,1.0,7.0,2.0,2.0,Increased
R423,Delhi-NCR,19,8.0,5,Laptop/Desktop,10.0,1.0,6.0,1.0,0.0,Remain Constant
R424,Outside Delhi-NCR,24,0.0,5,Laptop/Desktop,3.0,1.0,8.0,3.0,0.0,Decreased
R425,Delhi-NCR,20,2.0,3,Laptop/Desktop,2.0,2.0,8.0,3.0,0.0,Remain Constant
R426,Delhi-NCR,22,1.0,1,Smartphone,3.0,0.0,7.0,3.0,2.0,Remain Constant
R427,Outside Delhi-NCR,20,3.0,1,Laptop/Desktop,0.0,1.0,9.0,4.0,4.0,Decreased
R428,Delhi-NCR,12,1.0,5,Smartphone,3.0,1.0,6.0,1.0,1.0,Remain Constant
R429,Outside Delhi-NCR,21,0.0,1,Laptop/Desktop,1.0,0.0,6.0,6.0,1.0,Remain Constant
R430,Delhi-NCR,20,2.0,3,Laptop/Desktop,3.0,2.0,7.0,3.0,1.0,Decreased
R432,Outside Delhi-NCR,28,4.0,4,Laptop/Desktop,4.0,1.0,12.0,2.0,0.0,Decreased
R433,Delhi-NCR,21,2.0,1,Laptop/Desktop,0.0,1.0,12.0,5.0,5.0,Remain Constant
R434,Outside Delhi-NCR,21,2.0,3,Laptop/Desktop,2.0,1.0,8.0,2.0,2.0,Remain Constant
R435,Delhi-NCR,15,5.0,3,Laptop/Desktop,3.0,1.0,10.0,3.0,1.0,Remain Constant
R436,Outside Delhi-NCR,19,1.0,1,Laptop/Desktop,0.0,1.0,9.0,8.0,0.0,Remain Constant
R437,Outside Delhi-NCR,19,3.0,1,Laptop/Desktop,1.0,0.0,5.0,1.0,2.0,Increased
R438,Outside Delhi-NCR,18,3.0,1,Smartphone,2.0,0.0,8.0,2.0,0.5,Remain Constant
R439,Delhi-NCR,14,7.0,1,Tablet,3.0,0.0,8.0,0.0,1.0,Decreased
R440,Outside Delhi-NCR,18,1.0,5,Smartphone,2.0,1.0,8.0,1.0,0.0,Remain Constant
R442,Outside Delhi-NCR,20,0.7,1,Laptop/Desktop,3.5,0.5,8.0,3.0,0.6,Increased
R443,Outside Delhi-NCR,16,2.0,1,Laptop/Desktop,2.0,1.0,9.0,2.0,0.5,Remain Constant
R444,Delhi-NCR,13,2.0,4,Smartphone,1.0,0.0,11.0,2.0,3.0,Increased
R445,Delhi-NCR,20,3.0,1,Laptop/Desktop,4.0,1.0,8.0,2.0,0.0,Remain Constant
R446,Delhi-NCR,21,0.0,1,Laptop/Desktop,2.0,1.0,7.0,2.0,7.0,Increased
R447,Delhi-NCR,14,3.0,5,Laptop/Desktop,5.0,2.0,10.0,3.0,3.0,Decreased
R448,Outside Delhi-NCR,20,0.0,1,Laptop/Desktop,2.0,0.0,7.0,5.0,0.0,Decreased
R449,Delhi-NCR,22,3.0,3,Laptop/Desktop,2.0,0.0,7.0,3.0,0.0,Increased
R450,Delhi-NCR,13,0.75,5,Smartphone,2.0,0.0,7.0,1.0,0.0,Remain Constant
R451,Delhi-NCR,13,3.0,4,Smartphone,3.0,1.0,8.0,1.0,0.5,Increased
R452,Delhi-NCR,16,6.0,4,Smartphone,3.0,1.0,6.0,1.0,1.0,Decreased
R455,Delhi-NCR,16,0.0,4,Smartphone,0.0,2.0,6.0,1.0,4.0,Remain Constant
R456,Delhi-NCR,20,4.0,1,Laptop/Desktop,6.0,0.0,8.0,0.0,0.0,Remain Constant
R457,Outside Delhi-NCR,21,0.0,2,Laptop/Desktop,9.0,0.0,7.0,2.0,0.0,Remain Constant
R458,Delhi-NCR,23,6.0,3,Laptop/Desktop,4.0,1.0,9.0,1.0,0.0,Remain Constant
R459,Outside Delhi-NCR,21,2.0,3,Laptop/Desktop,4.0,1.0,8.0,8.0,1.0,Increased
R460,Delhi-NCR,20,7.0,4,Laptop/Desktop,2.0,0.0,8.0,4.0,3.0,Increased
R461,Outside Delhi-NCR,19,0.0,1,Smartphone,5.0,0.5,7.0,4.0,0.0,Remain Constant
R462,Outside Delhi-NCR,18,4.0,1,Smartphone,2.0,1.0,12.0,2.0,0.0,Remain Constant
R471,Outside Delhi-NCR,20,5.0,4,Laptop/Desktop,7.0,0.0,6.0,1.0,0.0,Increased
R472,Delhi-NCR,20,0.0,1,Laptop/Desktop,10.0,4.0,6.0,2.0,0.0,Decreased
R473,Outside Delhi-NCR,20,4.0,1,Laptop/Desktop,5.0,1.0,9.0,2.0,0.0,Increased
R474,Outside Delhi-NCR,19,4.0,3,Laptop/Desktop,0.0,0.0,8.0,6.0,1.0,Increased
R475,Delhi-NCR,19,0.0,4,Laptop/Desktop,3.0,1.0,8.0,3.0,1.0,Increased
R476,Delhi-NCR,7,2.0,4,Smartphone,2.0,1.0,9.0,1.0,2.0,Increased
R477,Outside Delhi-NCR,21,2.0,3,Laptop/Desktop,0.0,1.0,7.0,3.0,0.0,Remain Constant
R478,Delhi-NCR,23,4.0,1,Laptop/Desktop,10.0,1.0,7.0,1.0,0.0,Decreased
R479,Delhi-NCR,20,5.0,1,Laptop/Desktop,2.0,0.0,13.0,4.0,0.0,Increased
R480,Delhi-NCR,20,4.0,1,Smartphone,4.0,0.0,8.0,4.0,3.0,Remain Constant
R481,Outside Delhi-NCR,19,4.0,1,Laptop/Desktop,3.0,1.0,8.0,3.0,2.0,Increased
R482,Delhi-NCR,20,4.0,1,Laptop/Desktop,2.0,1.0,8.0,2.0,0.0,Increased
R483,Outside Delhi-NCR,18,4.0,3,Smartphone,1.0,0.0,9.0,4.0,1.0,Decreased
R484,Delhi-NCR,21,4.0,1,Tablet,0.0,3.0,11.0,10.0,0.0,Decreased
R485,Outside Delhi-NCR,18,6.0,1,Laptop/Desktop,6.0,1.0,6.0,1.0,0.5,Remain Constant
R486,Delhi-NCR,21,6.0,5,Laptop/Desktop,6.0,1.0,6.0,1.0,0.0,Decreased
R487,Outside Delhi-NCR,19,2.0,1,Laptop/Desktop,3.0,0.0,7.0,3.0,2.0,Increased
R488,Outside Delhi-NCR,19,0.0,3,Laptop/Desktop,1.0,0.5,8.0,1.0,0.0,Increased
R489,Outside Delhi-NCR,22,2.0,3,Laptop/Desktop,2.0,0.0,8.0,1.0,1.0,Remain Constant
R490,Delhi-NCR,21,3.0,3,Laptop/Desktop,7.0,3.0,6.0,1.0,0.0,Remain Constant
R491,Delhi-NCR,24,2.0,2,Smartphone,6.0,0.0,6.0,3.0,0.5,Decreased
R492,Outside Delhi-NCR,20,4.0,1,Laptop/Desktop,4.0,0.0,8.0,2.0,0.0,Remain Constant
R493,Outside Delhi-NCR,20,2.0,3,Smartphone,2.0,0.0,12.0,4.0,0.0,Remain Constant
R494,Outside Delhi-NCR,24,5.0,3,Laptop/Desktop,2.0,0.0,6.0,3.0,0.0,Increased
R495,Delhi-NCR,21,5.0,3,Laptop/Desktop,6.0,0.0,7.0,2.0,0.5,Increased
R496,Delhi-NCR,20,3.0,1,Laptop/Desktop,6.0,2.0,5.0,3.0,0.0,Remain Constant
R497,Outside Delhi-NCR,22,5.0,1,Smartphone,0.0,1.0,8.0,4.0,0.0,Remain Constant
R498,Outside Delhi-NCR,20,7.0,1,Laptop/Desktop,0.0,1.0,6.0,2.0,1.0,Remain Constant
R499,Outside Delhi-NCR,20,0.5,1,Smartphone,3.0,1.0,10.0,3.0,2.0,Increased
R501,Outside Delhi-NCR,22,0.5,1,Laptop/Desktop,1.0,1.0,8.0,3.0,0.0,Increased
R502,Outside Delhi-NCR,21,4.0,3,Laptop/Desktop,1.0,0.0,10.0,2.0,0.0,Increased
R503,Outside Delhi-NCR,19,3.0,1,Laptop/Desktop,2.0,1.0,6.0,2.0,0.0,Increased
R504,Outside Delhi-NCR,13,3.0,3,Smartphone,2.0,1.0,7.0,2.0,0.0,Decreased
R505,Delhi-NCR,10,4.0,3,Smartphone,2.0,1.0,8.0,1.0,2.0,Remain Constant
R506,Outside Delhi-NCR,21,4.0,1,Laptop/Desktop,2.0,0.0,6.0,1.0,0.0,Increased
R507,Outside Delhi-NCR,20,2.0,1,Laptop/Desktop,3.0,0.0,11.0,1.0,1.0,Remain Constant
R508,Delhi-NCR,22,1.0,1,Smartphone,2.0,1.0,6.0,2.0,0.0,Increased
R509,Delhi-NCR,20,4.0,3,Laptop/Desktop,0.0,0.0,12.0,2.0,2.0,Increased
R510,Outside Delhi-NCR,20,0.0,2,Laptop/Desktop,2.0,0.0,10.0,4.0,0.0,Increased
R511,Delhi-NCR,20,0.0,3,Laptop/Desktop,1.0,1.0,8.0,4.0,0.0,Increased
R512,Outside Delhi-NCR,21,0.0,3,Smartphone,4.0,1.0,7.0,2.0,4.0,Increased
R513,Delhi-NCR,19,4.0,1,Laptop/Desktop,3.0,2.0,8.0,2.0,1.0,Remain Constant
R514,Outside Delhi-NCR,13,2.0,5,Smartphone,2.0,1.0,6.0,6.0,8.0,Increased
R515,Outside Delhi-NCR,20,2.0,3,Laptop/Desktop,3.0,0.0,7.0,5.0,6.0,Increased
R516,Outside Delhi-NCR,17,2.0,3,Smartphone,5.0,3.0,5.0,1.0,0.5,Decreased
R517,Outside Delhi-NCR,11,1.0,4,Laptop/Desktop,1.0,1.0,15.0,3.0,1.0,Increased
R518,Delhi-NCR,17,2.0,5,Smartphone,3.0,1.0,8.0,3.0,1.0,Increased
R519,Outside Delhi-NCR,17,1.0,3,Smartphone,2.0,0.0,8.0,1.0,1.0,Decreased
R520,Delhi-NCR,19,4.0,1,Laptop/Desktop,5.0,0.0,8.0,3.0,2.0,Increased
R521,Outside Delhi-NCR,20,6.0,4,Laptop/Desktop,5.0,2.0,6.0,10.0,15.0,Remain Constant
R522,Delhi-NCR,18,3.0,4,Laptop/Desktop,4.0,2.0,7.0,2.0,2.0,Increased
R523,Delhi-NCR,20,4.0,3,Laptop/Desktop,3.0,0.0,8.0,4.0,2.0,Increased
R524,Delhi-NCR,19,0.0,1,Laptop/Desktop,1.0,0.0,9.0,6.0,0.0,Increased
R525,Delhi-NCR,17,3.0,3,Smartphone,3.0,3.0,9.0,2.0,0.0,Increased
R526,Outside Delhi-NCR,19,0.0,1,Smartphone,0.0,1.0,10.0,7.0,1.0,Increased
R527,Outside Delhi-NCR,21,1.0,3,Laptop/Desktop,8.0,2.0,8.0,2.0,1.0,Remain Constant
R529,Outside Delhi-NCR,15,4.0,1,Smartphone,4.0,0.0,7.0,1.0,2.0,Increased
R530,Outside Delhi-NCR,19,2.0,1,Laptop/Desktop,0.0,1.0,12.0,2.0,1.0,Decreased
R532,Outside Delhi-NCR,17,6.0,3,Smartphone,4.0,0.0,7.0,9.0,0.5,Increased
R533,Delhi-NCR,26,2.0,1,Laptop/Desktop,1.0,1.0,8.0,4.0,0.0,Decreased
R534,Delhi-NCR,20,0.0,1,Laptop/Desktop,1.0,1.0,7.0,0.5,0.5,Increased
R535,Outside Delhi-NCR,22,3.0,3,Laptop/Desktop,6.0,2.0,8.0,4.0,1.0,Remain Constant
R536,Outside Delhi-NCR,20,6.0,2,Laptop/Desktop,2.0,2.0,8.0,1.0,0.0,Decreased
R537,Outside Delhi-NCR,21,4.0,1,Laptop/Desktop,2.0,2.0,8.0,4.0,4.0,Decreased
R538,Outside Delhi-NCR,14,3.0,4,Smartphone or Laptop/Desktop,2.0,0.0,6.0,1.0,1.0,Increased
R539,Outside Delhi-NCR,20,5.0,1,Laptop/Desktop,6.0,1.0,7.0,2.0,0.0,Remain Constant
R540,Delhi-NCR,19,2.0,5,Smartphone,2.0,1.0,10.0,2.0,1.0,Remain Constant
R542,Outside Delhi-NCR,20,1.0,1,Tablet,2.0,3.0,8.0,2.0,2.0,Decreased
R543,Delhi-NCR,22,3.0,3,Laptop/Desktop,6.0,1.0,6.0,3.0,2.0,Remain Constant
R544,Outside Delhi-NCR,21,1.0,2,Smartphone,4.0,1.0,8.0,4.0,0.0,Remain Constant
R545,Delhi-NCR,20,5.0,1,Laptop/Desktop,2.0,0.0,8.0,1.0,2.0,Remain Constant
R546,Delhi-NCR,18,4.0,1,Tablet,4.0,0.0,9.0,2.0,2.0,Remain Constant
R547,Outside Delhi-NCR,15,1.0,4,Smartphone,2.0,1.0,8.0,1.0,2.0,Increased
R548,Outside Delhi-NCR,19,2.0,3,Smartphone,0.0,0.0,8.0,10.0,1.0,Decreased
R549,Outside Delhi-NCR,24,2.0,3,Smartphone,2.0,0.0,6.0,3.0,0.0,Decreased
R550,Delhi-NCR,16,7.0,3,Smartphone,4.0,1.0,6.0,1.0,0.0,Remain Constant
R551,Outside Delhi-NCR,21,0.0,2,Smartphone,8.0,0.0,7.0,2.0,0.5,Remain Constant
R552,Outside Delhi-NCR,17,4.0,4,Smartphone,3.0,3.0,6.0,5.0,,Decreased
R553,Delhi-NCR,15,5.0,4,Smartphone,2.0,1.0,7.0,0.0,0.0,Increased
R554,Outside Delhi-NCR,16,2.0,1,Smartphone,1.0,0.0,9.0,1.0,0.0,Decreased
R555,Delhi-NCR,21,6.0,3,Laptop/Desktop,2.0,1.0,7.0,1.5,1.5,Remain Constant
R556,Delhi-NCR,13,2.0,5,Smartphone,2.0,1.0,9.0,2.0,1.0,Increased
R557,Delhi-NCR,22,3.0,1,Smartphone,2.0,1.0,9.0,1.0,1.0,Remain Constant
R558,Outside Delhi-NCR,15,4.0,3,Laptop/Desktop,4.0,1.0,11.0,1.0,2.0,Remain Constant
R559,Outside Delhi-NCR,26,0.5,1,Smartphone,1.0,0.0,6.0,1.0,1.0,Decreased
R560,Delhi-NCR,21,0.0,1,Laptop/Desktop,2.0,0.0,10.0,6.0,0.0,Remain Constant
R561,Outside Delhi-NCR,13,1.0,4,Smartphone,1.0,1.0,8.0,1.0,2.0,Remain Constant
R562,Delhi-NCR,21,3.0,3,Laptop/Desktop,0.0,2.0,8.0,2.0,2.0,Increased
R563,Outside Delhi-NCR,21,3.0,1,Smartphone,1.0,1.0,8.0,2.0,0.0,Increased
R564,Delhi-NCR,17,2.0,3,Smartphone,1.0,1.0,8.0,7.0,0.0,Increased
R565,Delhi-NCR,20,1.0,4,Smartphone,3.0,1.0,8.0,3.0,1.0,Remain Constant
R566,Delhi-NCR,18,3.0,4,Smartphone,2.0,0.0,8.0,1.0,1.0,Decreased
R567,Delhi-NCR,19,2.0,1,Laptop/Desktop,8.0,0.0,8.0,1.0,0.0,Decreased
R568,Delhi-NCR,21,4.0,3,Laptop/Desktop,4.0,1.0,8.0,3.0,1.0,Increased
R569,Delhi-NCR,20,8.0,5,Smartphone,8.0,1.0,7.0,2.0,1.0,Increased
R570,Delhi-NCR,21,8.0,4,Laptop/Desktop,2.0,1.0,7.0,1.0,0.0,Remain Constant
R572,Delhi-NCR,19,4.0,4,Laptop/Desktop,4.0,2.0,8.0,6.0,6.0,Increased
R573,Delhi-NCR,18,2.0,1,Smartphone,0.0,3.0,8.0,1.0,0.0,Increased
R575,Delhi-NCR,18,0.0,1,Smartphone,0.0,0.0,7.0,3.0,2.0,Remain Constant
R576,Delhi-NCR,19,2.0,1,Laptop/Desktop,1.0,2.0,8.0,3.0,2.0,Increased
R577,Delhi-NCR,19,2.0,1,Smartphone,2.0,0.0,8.0,1.5,1.0,Decreased
R578,Outside Delhi-NCR,19,3.0,5,Laptop/Desktop,0.0,0.0,9.0,6.0,0.0,Remain Constant
R579,Delhi-NCR,23,4.0,1,Smartphone,4.0,1.0,8.0,2.0,2.0,Increased
R581,Delhi-NCR,22,4.0,1,Laptop/Desktop,1.0,0.0,9.0,1.0,1.0,Remain Constant
R582,Delhi-NCR,12,6.0,4,Tablet,4.0,0.0,7.0,1.0,2.0,Increased
R583,Delhi-NCR,8,2.0,5,Laptop/Desktop,1.0,1.0,5.0,1.0,1.0,Remain Constant
R584,Delhi-NCR,17,0.75,5,Smartphone,4.0,1.0,7.0,1.0,0.3,Decreased
R585,Delhi-NCR,21,3.0,5,Laptop/Desktop,1.0,0.0,11.0,3.0,2.0,Remain Constant
R586,Delhi-NCR,14,3.0,3,Smartphone,2.0,2.0,7.0,2.0,2.0,Remain Constant
R587,Outside Delhi-NCR,20,4.0,1,Smartphone,3.0,0.0,8.0,1.0,0.0,Increased
R588,Delhi-NCR,22,0.0,1,Smartphone,2.0,1.0,6.0,0.5,0.0,Decreased
R589,Delhi-NCR,13,6.0,3,Tablet,3.0,1.0,10.0,1.0,6.0,Remain Constant
R590,Delhi-NCR,21,2.0,1,Smartphone,0.5,1.0,8.0,1.0,0.0,Increased
R592,Delhi-NCR,13,4.0,4,Any Gadget,3.0,1.0,9.0,3.0,2.0,Decreased
R593,Outside Delhi-NCR,24,2.0,3,Smartphone,1.0,1.0,7.0,4.0,0.0,Remain Constant
R595,Delhi-NCR,16,5.0,4,Laptop/Desktop,8.0,0.5,6.0,0.4,0.0,Remain Constant
R596,Delhi-NCR,25,2.0,4,Laptop/Desktop,3.0,0.0,7.0,2.0,3.0,Remain Constant
R597,Delhi-NCR,24,6.0,4,Laptop/Desktop,8.0,0.0,9.0,2.0,0.0,Decreased
R598,Delhi-NCR,17,4.0,1,Smartphone,2.0,0.0,10.0,3.0,4.0,Remain Constant
R599,Delhi-NCR,16,1.0,3,Smartphone,2.0,0.0,10.0,2.0,3.0,Remain Constant
R600,Delhi-NCR,20,3.0,1,Laptop/Desktop,6.0,1.0,8.0,3.0,1.0,Increased
R603,Outside Delhi-NCR,14,5.0,3,Smartphone,2.0,0.0,9.0,1.0,2.0,Remain Constant
R604,Delhi-NCR,18,4.0,3,Laptop/Desktop,2.0,3.0,7.0,4.0,1.0,Decreased
R606,Delhi-NCR,21,1.0,1,Laptop/Desktop,8.0,0.0,8.0,2.0,2.0,Decreased
R608,Delhi-NCR,21,6.0,1,Laptop/Desktop,3.0,0.0,8.0,4.0,1.0,Increased
R609,Delhi-NCR,21,4.0,3,Laptop/Desktop,3.0,0.0,8.0,2.0,1.0,Decreased
R610,Delhi-NCR,22,1.0,1,Laptop/Desktop,10.0,2.0,7.0,1.0,0.0,Remain Constant
R611,Delhi-NCR,19,0.0,1,Smartphone,4.0,0.0,8.0,4.0,0.0,Increased
R612,Outside Delhi-NCR,14,4.0,4,Smartphone,1.0,1.0,8.0,1.0,0.5,Increased
R613,Delhi-NCR,18,1.0,3,Smartphone,2.0,0.0,7.0,1.0,0.0,Decreased
R614,Delhi-NCR,17,2.0,5,Smartphone,3.0,2.0,10.0,1.0,1.0,Increased
R615,Delhi-NCR,21,2.0,3,Laptop/Desktop,0.0,0.0,7.0,5.0,0.0,Decreased
R616,Delhi-NCR,22,2.0,1,Laptop/Desktop,2.0,0.0,6.0,5.0,0.0,Increased
R617,Outside Delhi-NCR,15,3.0,1,Smartphone,2.0,0.0,10.0,1.0,2.0,Increased
R618,Delhi-NCR,25,6.0,4,Laptop/Desktop,0.0,1.0,7.0,3.0,0.0,Increased
R619,Outside Delhi-NCR,17,2.0,5,Smartphone,3.0,1.0,8.0,1.0,2.0,Increased
R620,Outside Delhi-NCR,25,1.0,3,Laptop/Desktop,4.0,0.5,9.0,2.0,5.0,Increased
R621,Delhi-NCR,22,1.0,1,Smartphone,0.0,0.0,6.0,2.0,2.0,Increased
R622,Outside Delhi-NCR,21,0.0,1,Smartphone,3.0,0.0,8.0,4.0,1.0,Remain Constant
R623,Outside Delhi-NCR,20,1.0,4,Laptop/Desktop,3.0,1.0,12.0,3.0,2.0,Remain Constant
R624,Outside Delhi-NCR,21,2.0,4,Smartphone,5.0,0.0,12.0,3.0,,Remain Constant
R625,Delhi-NCR,13,3.5,4,Smartphone,2.0,2.0,9.0,1.0,6.0,Increased
R628,Delhi-NCR,22,0.0,1,Smartphone,1.0,0.0,8.0,5.0,1.5,Remain Constant
R629,Outside Delhi-NCR,21,4.0,3,Laptop/Desktop,4.0,1.0,6.0,1.0,1.0,Remain Constant
R630,Delhi-NCR,17,1.0,4,Smartphone,1.0,1.0,8.0,2.0,1.0,Increased
R631,Delhi-NCR,13,4.0,5,Smartphone,5.0,1.0,13.0,2.0,3.0,Decreased
R632,Delhi-NCR,30,4.0,3,Laptop/Desktop,3.0,1.0,7.0,1.0,1.0,Remain Constant
R633,Delhi-NCR,21,2.0,3,Smartphone,1.0,1.0,9.0,2.0,2.0,Remain Constant
R634,Outside Delhi-NCR,28,3.0,4,Laptop/Desktop,4.0,1.0,9.0,2.0,0.0,Remain Constant
R635,Delhi-NCR,21,4.0,1,Laptop/Desktop,3.0,0.0,6.0,2.0,0.0,Remain Constant
R636,Outside Delhi-NCR,15,2.0,5,Smartphone,5.0,3.0,11.0,1.0,1.0,Increased
R637,Delhi-NCR,16,1.0,4,Smartphone,1.0,1.0,7.0,2.0,2.0,Remain Constant
R640,Delhi-NCR,25,1.0,3,Smartphone,2.0,0.0,10.0,1.0,1.0,Increased
R646,Outside Delhi-NCR,17,0.75,4,Smartphone,2.0,2.0,6.0,1.0,1.0,Increased
R647,Outside Delhi-NCR,18,0.75,4,Smartphone,1.0,1.0,12.0,1.0,1.0,Increased
R648,Outside Delhi-NCR,17,0.75,4,Smartphone,2.0,1.0,12.0,1.0,1.0,Increased
R649,Delhi-NCR,30,4.0,5,Laptop/Desktop,4.0,0.0,5.0,6.0,1.0,Remain Constant
R650,Delhi-NCR,19,4.0,3,Laptop/Desktop,4.0,1.0,8.0,0.0,0.0,Increased
R651,Delhi-NCR,21,0.0,1,Smartphone,2.0,0.0,10.0,2.0,0.0,Remain Constant
R652,Outside Delhi-NCR,20,4.0,4,Laptop/Desktop,6.0,0.0,8.0,3.0,0.0,Increased
R653,Delhi-NCR,19,5.0,1,Smartphone,1.0,1.0,5.0,2.0,4.0,Increased
R654,Delhi-NCR,19,3.0,1,Laptop/Desktop,2.0,1.0,8.0,3.0,0.0,Remain Constant
R655,Delhi-NCR,19,0.0,1,Smartphone,0.0,0.0,12.0,4.0,6.0,Decreased
R656,Outside Delhi-NCR,20,4.0,3,Laptop/Desktop,2.0,1.0,7.0,1.0,0.0,Decreased
R657,Delhi-NCR,19,4.0,1,Smartphone,5.0,0.0,6.0,2.0,0.0,Increased
R658,Outside Delhi-NCR,20,0.0,1,Laptop/Desktop,3.0,0.0,8.0,4.0,2.0,Increased
R659,Outside Delhi-NCR,19,2.0,1,Laptop/Desktop,2.0,1.0,9.0,1.0,0.0,Decreased
R660,Delhi-NCR,21,6.0,1,Smartphone,4.0,1.0,7.0,2.0,0.0,Increased
R661,Delhi-NCR,20,4.0,1,Smartphone,3.0,0.0,8.0,3.0,0.0,Remain Constant
R662,Delhi-NCR,20,4.0,1,Laptop/Desktop,4.0,1.0,7.0,1.0,2.0,Remain Constant
R663,Delhi-NCR,20,5.0,3,Laptop/Desktop,0.5,0.0,8.0,1.0,0.5,Remain Constant
R664,Delhi-NCR,20,5.0,1,Smartphone,2.0,1.0,7.0,1.0,0.0,Increased
R665,Outside Delhi-NCR,22,6.0,3,Smartphone,2.0,1.0,11.0,6.0,2.0,Increased
R666,Delhi-NCR,22,3.0,1,Laptop/Desktop,2.0,0.0,9.0,4.0,1.0,Increased
R667,Delhi-NCR,21,1.0,3,Smartphone,1.0,2.0,8.0,2.0,0.5,Decreased
R668,Delhi-NCR,30,2.0,1,Laptop/Desktop,1.0,1.0,5.0,1.0,0.0,Remain Constant
R669,Delhi-NCR,21,2.0,1,Laptop/Desktop,2.0,0.0,6.0,3.0,0.0,Remain Constant
R670,Delhi-NCR,22,3.0,3,Laptop/Desktop,3.0,1.0,8.0,3.0,0.0,Decreased
R671,Outside Delhi-NCR,21,4.0,4,Smartphone,3.0,1.0,8.0,3.0,3.0,Increased
R672,Outside Delhi-NCR,21,5.0,1,Smartphone,1.0,0.5,9.0,1.5,0.0,Remain Constant
R673,Outside Delhi-NCR,19,5.0,4,Laptop/Desktop,3.0,0.0,9.0,5.0,1.0,Remain Constant
R674,Delhi-NCR,22,1.0,1,Laptop/Desktop,2.0,1.0,9.0,1.5,0.5,Remain Constant
R675,Delhi-NCR,20,6.0,3,Laptop/Desktop,2.0,1.0,8.0,4.0,0.0,Remain Constant
R676,Delhi-NCR,21,3.0,5,Laptop/Desktop,6.5,0.0,7.0,0.5,0.0,Remain Constant
R678,Outside Delhi-NCR,21,3.0,3,Laptop/Desktop,2.0,1.0,7.0,2.0,1.0,Decreased
R679,Outside Delhi-NCR,21,0.0,1,Laptop/Desktop,4.0,1.0,8.0,1.0,0.0,Remain Constant
R680,Outside Delhi-NCR,21,5.0,4,Laptop/Desktop,4.0,2.0,8.0,1.0,0.0,Decreased
R681,Delhi-NCR,22,0.0,1,Smartphone,0.5,1.0,10.0,1.0,0.0,Increased
R682,Delhi-NCR,20,0.0,1,Laptop/Desktop,0.0,0.0,10.0,10.0,0.0,Increased
R683,Delhi-NCR,20,3.0,4,Laptop/Desktop,3.0,1.0,7.0,2.0,1.0,Remain Constant
R684,Delhi-NCR,18,2.0,3,Smartphone,1.0,1.0,10.0,4.0,1.0,Increased
R685,Delhi-NCR,19,0.0,3,Laptop/Desktop,3.0,1.0,9.0,2.0,0.0,Remain Constant
R686,Delhi-NCR,21,3.0,3,Laptop/Desktop,4.0,1.0,7.0,1.0,2.0,Decreased
R687,Outside Delhi-NCR,19,4.0,2,Laptop/Desktop,5.0,2.0,7.0,0.5,0.0,Remain Constant
R688,Outside Delhi-NCR,22,3.0,1,Laptop/Desktop,3.0,0.0,7.0,4.0,0.0,Increased
R689,Delhi-NCR,21,7.0,1,Laptop/Desktop,0.0,0.0,8.0,3.0,0.0,Remain Constant
R690,Outside Delhi-NCR,20,0.0,1,Laptop/Desktop,2.0,2.0,9.0,2.0,0.5,Decreased
R691,Delhi-NCR,20,4.0,1,Smartphone,2.0,1.0,6.0,2.0,1.0,Increased
R692,Delhi-NCR,21,4.0,4,Smartphone,2.0,1.0,7.0,3.0,0.0,Remain Constant
R693,Delhi-NCR,23,3.0,1,Laptop/Desktop,6.0,1.0,7.0,1.5,0.5,Increased
R694,Delhi-NCR,22,0.0,1,Laptop/Desktop,1.0,0.0,14.0,2.0,2.0,Increased
R695,Outside Delhi-NCR,20,4.0,1,Laptop/Desktop,1.0,2.0,12.0,2.0,2.0,Remain Constant
R696,Delhi-NCR,20,6.0,1,Laptop/Desktop,6.0,1.0,8.0,0.0,1.0,Decreased
R697,Delhi-NCR,21,3.0,3,Laptop/Desktop,3.0,0.0,9.0,2.0,0.0,Increased
R698,Delhi-NCR,19,1.0,3,Laptop/Desktop,3.0,0.0,10.0,4.0,0.0,Decreased
R699,Delhi-NCR,22,0.0,3,Laptop/Desktop,6.0,1.0,6.0,1.0,2.0,Remain Constant
R700,Outside Delhi-NCR,20,3.0,2,Laptop/Desktop,5.0,1.0,7.0,1.0,0.0,Increased
R701,Outside Delhi-NCR,19,1.0,3,Laptop/Desktop,2.0,1.0,7.0,3.0,0.0,Remain Constant
R702,Delhi-NCR,22,2.0,4,Laptop/Desktop,10.0,1.0,6.0,1.0,0.0,Increased
R703,Delhi-NCR,19,2.0,1,Laptop/Desktop,1.0,2.0,5.0,4.0,1.0,Decreased
R704,Delhi-NCR,18,3.0,3,Smartphone,1.0,1.0,9.0,4.0,0.5,Remain Constant
R705,Delhi-NCR,20,2.0,3,Laptop/Desktop,2.0,1.0,9.0,1.0,1.0,Remain Constant
R706,Delhi-NCR,19,2.0,1,Laptop/Desktop,2.0,0.0,12.0,2.0,0.0,Decreased
R707,Delhi-NCR,23,2.0,3,Smartphone,5.0,1.0,12.0,1.0,0.0,Remain Constant
R708,Delhi-NCR,19,0.0,3,Smartphone,1.0,0.0,8.0,4.0,3.0,Increased
R710,Outside Delhi-NCR,19,2.0,4,Laptop/Desktop,3.0,1.0,8.0,2.0,1.0,Remain Constant
R711,Delhi-NCR,17,7.0,1,Laptop/Desktop,3.0,2.0,6.0,2.0,0.0,Remain Constant
R712,Delhi-NCR,18,7.0,3,Laptop/Desktop,2.0,1.0,8.0,3.0,1.0,Decreased
R713,Delhi-NCR,22,2.0,4,Any Gadget,1.5,1.0,7.0,1.0,2.0,Increased
R714,Delhi-NCR,21,4.0,3,Laptop/Desktop,4.0,0.0,7.0,2.0,1.0,Increased
R715,Delhi-NCR,17,3.0,3,Laptop/Desktop,2.0,0.0,6.0,2.0,0.0,Increased
R716,Delhi-NCR,19,0.0,4,Tablet,0.5,1.0,6.0,2.0,1.0,Increased
R717,Delhi-NCR,20,5.0,1,Smartphone,2.0,2.0,6.0,3.0,2.0,Decreased
R718,Delhi-NCR,17,4.0,1,Smartphone,1.0,0.0,6.0,2.0,0.0,Increased
R719,Delhi-NCR,21,3.0,1,Laptop/Desktop,3.0,1.0,8.0,3.0,2.0,Increased
R720,Delhi-NCR,19,2.0,3,Smartphone,2.0,0.0,9.0,5.0,1.0,Remain Constant
R721,Delhi-NCR,20,1.5,1,Smartphone,2.5,2.0,9.0,1.0,1.5,Decreased
R722,Delhi-NCR,21,3.0,1,Laptop/Desktop,3.0,0.0,9.0,4.0,0.75,Increased
R723,Outside Delhi-NCR,19,2.0,3,Laptop/Desktop,4.0,1.0,6.0,3.0,1.0,Increased
R725,Delhi-NCR,19,3.0,3,Smartphone,7.0,1.0,6.0,1.0,1.0,Increased
R726,Delhi-NCR,17,2.0,3,Laptop/Desktop,0.0,0.0,11.0,1.5,2.0,Remain Constant
R727,Outside Delhi-NCR,18,3.0,4,Laptop/Desktop,3.0,0.0,10.0,2.0,0.0,Increased
R728,Delhi-NCR,20,5.0,1,Laptop/Desktop,2.0,3.0,10.0,1.0,0.5,Decreased
R729,Delhi-NCR,20,2.0,1,Smartphone,6.0,1.0,5.0,4.0,0.5,Increased
R730,Delhi-NCR,23,0.0,3,Laptop/Desktop,1.0,1.0,9.0,3.0,0.0,Increased
R731,Outside Delhi-NCR,29,2.0,3,Laptop/Desktop,2.0,1.0,8.0,0.0,0.0,Remain Constant
R732,Delhi-NCR,20,0.0,1,Laptop/Desktop,6.0,0.0,9.0,1.0,1.0,Increased
R733,Outside Delhi-NCR,22,1.0,1,Smartphone,4.0,0.25,10.0,1.0,0.0,Remain Constant
R734,Delhi-NCR,18,2.0,3,Laptop/Desktop,3.0,1.0,8.0,2.0,3.0,Increased
R735,Delhi-NCR,15,4.0,4,Smartphone,4.0,1.0,4.0,3.0,2.0,Remain Constant
R736,Delhi-NCR,19,4.0,3,Smartphone,5.0,1.0,8.0,2.0,1.0,Remain Constant
R737,Delhi-NCR,20,2.0,1,Smartphone,2.0,0.0,9.0,10.0,1.0,Decreased
R738,Outside Delhi-NCR,21,1.0,1,Smartphone,4.0,1.0,9.0,1.0,1.0,Remain Constant
R739,Outside Delhi-NCR,21,4.0,3,Laptop/Desktop,3.0,0.0,8.0,2.0,1.0,Decreased
R740,Delhi-NCR,20,4.0,1,Smartphone,1.0,1.0,10.0,2.0,1.0,Increased
R741,Delhi-NCR,20,2.0,3,Smartphone,1.0,2.0,8.0,4.0,2.0,Decreased
R742,Outside Delhi-NCR,19,0.0,1,Smartphone,2.0,1.0,7.0,4.0,0.0,Remain Constant
R743,Outside Delhi-NCR,28,3.0,4,Laptop/Desktop,1.0,0.0,10.0,1.0,0.0,Increased
R744,Delhi-NCR,19,6.0,4,Laptop/Desktop,6.0,0.0,8.0,2.0,0.5,Increased
R745,Delhi-NCR,21,2.0,3,Smartphone,2.0,1.0,8.0,1.0,0.0,Remain Constant
R746,Delhi-NCR,23,0.0,4,Laptop/Desktop,3.0,0.0,10.0,4.0,1.0,Increased
R747,Delhi-NCR,20,3.0,4,Laptop/Desktop,2.0,1.0,7.0,5.0,2.0,Remain Constant
R748,Delhi-NCR,22,4.0,4,Laptop/Desktop,2.0,1.0,12.0,2.0,2.0,Remain Constant
R749,Delhi-NCR,20,2.0,3,Smartphone,4.0,1.0,8.0,2.0,0.0,Increased
R751,Outside Delhi-NCR,20,5.0,4,Laptop/Desktop,4.0,1.0,7.0,3.0,1.0,Increased
R752,Outside Delhi-NCR,23,3.0,4,Laptop/Desktop,2.0,1.0,6.0,1.0,0.0,Remain Constant
R753,Outside Delhi-NCR,21,2.0,1,Smartphone,2.0,1.0,8.0,4.0,1.0,Increased
R754,Delhi-NCR,19,3.0,1,Smartphone,2.0,1.0,9.0,5.0,1.0,Remain Constant
R755,Outside Delhi-NCR,23,3.0,4,Laptop/Desktop,5.0,0.0,6.0,1.0,0.0,Remain Constant
R756,Outside Delhi-NCR,20,4.0,3,Smartphone,2.0,0.0,8.0,2.0,4.0,Remain Constant
R757,Outside Delhi-NCR,22,2.0,4,Laptop/Desktop,2.0,1.0,8.0,2.0,0.0,Increased
R758,Delhi-NCR,19,2.0,2,Smartphone,2.0,2.0,8.0,3.0,0.0,Decreased
R759,Outside Delhi-NCR,21,5.0,1,Smartphone,4.0,1.0,7.0,1.0,0.0,Remain Constant
R760,Outside Delhi-NCR,20,0.0,1,Smartphone,5.0,0.0,8.0,1.0,,Decreased
R761,Outside Delhi-NCR,21,1.0,1,Laptop/Desktop,5.0,1.0,11.0,2.0,0.0,Increased
R762,Delhi-NCR,22,5.0,4,Laptop/Desktop,3.0,0.0,7.0,2.0,0.0,Remain Constant
R763,Delhi-NCR,18,4.0,4,Smartphone,2.0,0.5,6.0,2.0,0.0,Remain Constant
R764,Delhi-NCR,21,1.0,4,Laptop/Desktop,1.0,2.0,7.0,2.0,0.0,Remain Constant
R765,Outside Delhi-NCR,22,2.0,3,Laptop/Desktop,5.0,0.3,8.0,1.0,1.0,Increased
R766,Outside Delhi-NCR,20,4.0,3,Laptop/Desktop,3.0,1.0,9.0,3.0,1.0,Increased
R767,Delhi-NCR,19,6.0,1,Smartphone,4.0,2.0,6.0,2.0,0.0,Decreased
R768,Delhi-NCR,21,0.5,1,Smartphone,2.0,1.0,9.0,1.0,0.0,Increased
R769,Delhi-NCR,21,1.0,1,Laptop/Desktop,0.0,0.0,9.0,3.0,0.0,Remain Constant
R770,Delhi-NCR,19,4.0,1,Smartphone,2.0,1.0,9.0,7.0,3.0,Increased
R771,Outside Delhi-NCR,21,2.0,1,Smartphone,2.0,0.0,8.0,1.0,0.0,Increased
R772,Outside Delhi-NCR,23,5.5,5,Laptop/Desktop,3.0,1.0,8.0,1.0,0.0,Decreased
R773,Delhi-NCR,21,0.0,1,Smartphone,0.0,0.0,9.0,4.0,0.0,Increased
R775,Delhi-NCR,20,4.0,4,Laptop/Desktop,1.0,0.0,9.0,2.0,0.0,Increased
R777,Delhi-NCR,19,3.0,3,Smartphone,1.0,1.0,6.0,2.0,0.0,Decreased
R778,Outside Delhi-NCR,18,2.0,1,Laptop/Desktop,4.0,0.0,8.0,1.5,0.0,Remain Constant
R779,Delhi-NCR,23,3.0,3,Laptop/Desktop,2.0,1.0,6.0,3.0,2.0,Remain Constant
R780,Outside Delhi-NCR,21,7.0,3,Laptop/Desktop,8.0,0.0,6.0,1.0,1.0,Increased
R781,Outside Delhi-NCR,12,5.0,3,Smartphone,2.0,1.0,7.0,0.0,1.0,Remain Constant
R782,Outside Delhi-NCR,20,0.5,1,Smartphone,1.0,1.0,8.0,0.5,2.5,Remain Constant
R784,Outside Delhi-NCR,30,4.0,3,Laptop/Desktop,3.0,1.0,7.8,4.0,2.0,Increased
R785,Outside Delhi-NCR,21,5.0,3,Laptop/Desktop,1.0,1.0,8.0,2.0,2.0,Remain Constant
R786,Delhi-NCR,20,1.0,1,Laptop/Desktop,0.0,0.0,8.0,4.0,0.0,Increased
R787,Delhi-NCR,22,3.0,3,Laptop/Desktop,5.0,0.0,8.0,2.0,0.0,Remain Constant
R789,Outside Delhi-NCR,24,5.0,5,Laptop/Desktop,3.0,3.0,8.0,2.0,2.0,Remain Constant
R790,Outside Delhi-NCR,18,4.0,1,Smartphone,1.0,2.0,9.0,2.0,0.5,Decreased
R791,Outside Delhi-NCR,22,1.0,1,Smartphone,2.0,1.0,5.0,10.0,0.0,Decreased
R792,Outside Delhi-NCR,20,7.0,2,Smartphone,2.0,0.0,8.0,3.0,0.0,Remain Constant
R795,Outside Delhi-NCR,18,0.0,2,Laptop/Desktop,2.0,2.0,7.0,4.0,1.0,Remain Constant
R796,Outside Delhi-NCR,19,4.0,1,Smartphone,0.0,0.0,7.0,1.0,0.0,Increased
R798,Delhi-NCR,16,5.0,1,Laptop/Desktop,4.0,0.5,8.0,0.5,0.0,Increased
R799,Outside Delhi-NCR,30,1.0,4,Smartphone,1.0,1.0,7.0,1.0,0.0,Remain Constant
R800,Delhi-NCR,23,5.0,5,Laptop/Desktop,2.0,1.0,8.0,1.0,4.0,Remain Constant
R801,Outside Delhi-NCR,19,2.0,3,Laptop/Desktop,5.0,0.0,9.0,2.0,0.5,Increased
R802,Outside Delhi-NCR,19,4.0,1,Smartphone,2.0,1.0,8.0,2.0,1.0,Remain Constant
R804,Delhi-NCR,21,3.0,1,Laptop/Desktop,2.0,0.0,7.0,1.0,0.0,Increased
R805,Outside Delhi-NCR,20,3.0,1,Laptop/Desktop,4.0,0.0,9.0,2.0,1.0,Increased
R806,Delhi-NCR,24,0.0,3,Smartphone,1.0,1.0,8.0,1.0,0.0,Remain Constant
R808,Outside Delhi-NCR,20,2.0,1,Smartphone,1.0,0.5,8.0,2.0,5.0,Remain Constant
R809,Outside Delhi-NCR,23,3.0,2,Smartphone,4.0,0.0,9.0,3.0,0.0,Increased
R810,Delhi-NCR,26,3.0,1,Laptop/Desktop,2.0,1.0,8.0,1.0,0.0,Increased
R811,Outside Delhi-NCR,20,5.0,4,Smartphone,3.0,0.0,7.0,2.0,2.0,Remain Constant
R812,Outside Delhi-NCR,22,0.0,1,Smartphone,4.0,1.0,8.0,0.0,0.0,Remain Constant
R813,Outside Delhi-NCR,14,5.0,4,Laptop/Desktop,4.0,0.0,8.0,2.0,2.0,Increased
R814,Outside Delhi-NCR,20,0.0,1,Smartphone,1.0,0.0,10.0,4.0,1.0,Increased
R815,Outside Delhi-NCR,22,0.0,3,Smartphone,0.0,0.0,10.0,5.0,4.0,Remain Constant
R817,Outside Delhi-NCR,23,1.0,2,Smartphone,2.0,1.0,8.0,2.0,2.0,Increased
R818,Outside Delhi-NCR,21,3.0,1,Smartphone,2.0,2.0,7.0,3.0,3.0,Remain Constant
R819,Outside Delhi-NCR,21,5.0,3,Smartphone,5.0,0.0,5.0,2.0,1.0,Remain Constant
R822,Outside Delhi-NCR,22,3.0,4,Smartphone,2.0,1.0,8.0,2.0,1.0,Remain Constant
R823,Outside Delhi-NCR,21,2.0,1,Smartphone,0.0,2.0,8.0,4.0,2.0,Remain Constant
R824,Outside Delhi-NCR,18,2.0,2,Smartphone,1.0,1.0,8.5,2.0,3.0,Remain Constant
R825,Outside Delhi-NCR,22,2.0,3,Laptop/Desktop,7.0,1.0,9.0,2.0,0.0,Decreased
R826,Outside Delhi-NCR,21,0.0,1,Smartphone,2.0,3.0,9.0,1.0,1.0,Decreased
R827,Outside Delhi-NCR,22,3.0,1,Laptop/Desktop,5.0,1.0,8.0,3.0,1.0,Remain Constant
R828,Outside Delhi-NCR,21,2.0,4,Laptop/Desktop,2.0,2.0,7.0,0.5,0.0,Remain Constant
R829,Outside Delhi-NCR,21,3.0,1,Laptop/Desktop,12.0,0.0,6.0,1.0,0.0,Decreased
R830,Delhi-NCR,21,2.0,1,Smartphone,3.0,0.0,8.0,2.0,0.0,Increased
R831,Outside Delhi-NCR,20,4.0,1,Laptop/Desktop,4.0,0.0,11.0,3.0,0.0,Increased
R833,Delhi-NCR,21,3.0,1,Laptop/Desktop,5.0,0.0,7.0,1.0,0.0,Remain Constant
R834,Outside Delhi-NCR,20,4.0,3,Laptop/Desktop,5.0,0.5,8.0,1.0,2.0,Increased
R835,Outside Delhi-NCR,21,4.0,3,Laptop/Desktop,4.0,0.0,6.0,4.0,0.0,Remain Constant
R836,Delhi-NCR,21,3.0,1,Smartphone,8.0,1.0,8.0,1.0,0.0,Remain Constant
R837,Delhi-NCR,21,5.0,3,Smartphone,6.0,0.0,5.0,2.0,0.0,Increased
R839,Delhi-NCR,20,2.0,1,Smartphone,3.0,2.0,8.0,1.0,1.0,Increased
R840,Delhi-NCR,22,4.0,4,Laptop/Desktop,2.0,1.0,8.0,5.0,0.0,Remain Constant
R841,Delhi-NCR,19,5.0,3,Smartphone,6.0,1.0,6.0,0.0,0.0,Remain Constant
R842,Delhi-NCR,22,3.0,4,Smartphone,3.0,0.0,12.0,1.0,4.0,Remain Constant
R843,Delhi-NCR,20,6.0,1,Laptop/Desktop,4.0,1.0,6.0,3.0,0.5,Remain Constant
R845,Delhi-NCR,23,4.0,4,Laptop/Desktop,2.0,0.5,7.0,3.0,1.0,Remain Constant
R847,Outside Delhi-NCR,24,2.0,3,Smartphone,3.0,0.5,9.0,2.0,0.0,Remain Constant
R848,Outside Delhi-NCR,20,5.0,3,Laptop/Desktop,4.0,1.0,8.0,2.0,1.0,Remain Constant
R849,Delhi-NCR,22,2.0,5,Laptop/Desktop,3.0,1.0,8.0,2.0,1.0,Decreased
R850,Delhi-NCR,20,5.0,1,Laptop/Desktop,1.0,0.0,8.0,1.0,0.5,Remain Constant
R851,Delhi-NCR,21,4.0,1,Laptop/Desktop,2.0,0.0,10.0,2.0,0.0,Increased
R853,Delhi-NCR,27,3.0,4,Laptop/Desktop,2.0,1.0,8.0,2.0,0.5,Decreased
R854,Outside Delhi-NCR,20,2.0,3,Laptop/Desktop,2.0,0.0,7.0,2.0,1.0,Increased
R855,Outside Delhi-NCR,21,2.0,1,Laptop/Desktop,12.0,1.0,9.0,5.0,1.0,Increased
R856,Delhi-NCR,20,8.0,1,Laptop/Desktop,2.0,0.0,6.0,2.0,3.0,Decreased
R857,Delhi-NCR,20,4.0,3,Smartphone,1.0,0.0,6.0,10.0,2.0,Remain Constant
R858,Delhi-NCR,22,5.0,3,Smartphone,4.0,1.0,6.0,2.0,2.0,Increased
R859,Delhi-NCR,21,3.0,1,Laptop/Desktop,2.0,1.0,8.0,0.75,1.0,Remain Constant
R860,Outside Delhi-NCR,21,3.0,1,Laptop/Desktop,1.0,0.0,8.0,1.0,0.0,Increased
R861,Delhi-NCR,21,4.0,1,Smartphone,6.0,0.0,9.0,2.0,0.0,Remain Constant
R862,Delhi-NCR,21,4.0,1,Smartphone,1.0,1.0,7.0,2.0,0.0,Increased
R863,Delhi-NCR,21,4.0,3,Smartphone,2.0,2.0,12.0,2.0,0.0,Decreased
R864,Delhi-NCR,20,5.0,3,Smartphone,5.0,1.0,6.0,2.0,1.0,Increased
R866,Delhi-NCR,20,4.0,1,Smartphone,5.0,1.0,10.0,3.0,0.0,Remain Constant
R867,Delhi-NCR,21,3.0,3,Smartphone,2.0,2.0,7.0,1.0,3.0,Remain Constant
R868,Delhi-NCR,20,6.0,3,Laptop/Desktop,2.0,2.0,7.0,3.0,1.0,Decreased
R870,Delhi-NCR,22,5.0,3,Smartphone,3.0,0.0,8.0,3.0,0.0,Remain Constant
R872,Outside Delhi-NCR,17,1.0,1,Smartphone,2.0,0.0,7.0,2.0,1.0,Increased
R873,Outside Delhi-NCR,20,4.0,3,Smartphone,5.0,1.0,7.0,0.5,0.0,Decreased
R874,Delhi-NCR,19,2.0,3,Laptop/Desktop,2.0,1.0,9.0,2.0,1.0,Remain Constant
R875,Outside Delhi-NCR,20,4.0,3,Smartphone,3.0,1.0,7.0,1.0,1.0,Increased
R876,Outside Delhi-NCR,21,3.0,1,Smartphone,4.0,1.0,5.0,2.0,0.0,Remain Constant
R877,Delhi-NCR,17,7.0,1,Smartphone,2.0,1.0,6.0,3.0,1.0,Increased
R878,Outside Delhi-NCR,20,3.0,2,Smartphone,2.0,0.0,7.0,3.0,1.0,Decreased
R879,Outside Delhi-NCR,20,7.0,1,Laptop/Desktop,4.0,0.0,7.0,2.0,1.0,Remain Constant
R880,Outside Delhi-NCR,19,10.0,3,Laptop/Desktop,3.0,1.0,5.0,1.0,0.5,Remain Constant
R881,Outside Delhi-NCR,21,5.0,3,Laptop/Desktop,2.0,0.0,9.0,1.0,2.0,Remain Constant
R882,Outside Delhi-NCR,20,8.0,3,Laptop/Desktop,5.0,1.0,5.0,3.0,0.5,Remain Constant
R884,Outside Delhi-NCR,20,4.0,1,Smartphone,4.0,0.0,8.0,1.0,0.0,Remain Constant
R886,Delhi-NCR,22,6.0,1,Laptop/Desktop,4.0,0.0,8.0,2.0,0.5,Increased
R887,Delhi-NCR,22,5.0,3,Smartphone,4.0,1.0,8.0,2.0,1.0,Decreased
R888,Delhi-NCR,28,3.0,4,Laptop/Desktop,2.0,1.0,8.0,4.0,1.0,Remain Constant
R889,Outside Delhi-NCR,16,5.0,1,Smartphone,1.0,0.0,10.0,3.0,0.0,Decreased
R890,Delhi-NCR,20,2.0,3,Smartphone,3.0,0.0,12.0,7.0,1.5,Decreased
R891,Outside Delhi-NCR,21,2.0,1,Smartphone,4.0,0.0,8.0,1.0,2.0,Increased
R892,Delhi-NCR,19,4.0,3,Laptop/Desktop,3.0,2.0,7.0,4.0,0.0,Decreased
R893,Delhi-NCR,20,6.0,3,Laptop/Desktop,2.0,1.0,8.0,2.0,1.0,Remain Constant
R894,Outside Delhi-NCR,14,2.0,4,Smartphone,2.0,1.0,8.0,3.0,1.0,Increased
R895,Outside Delhi-NCR,26,1.0,3,Smartphone,3.0,1.0,8.0,4.0,0.0,Decreased
R896,Delhi-NCR,21,3.0,1,Laptop/Desktop,2.0,0.0,8.0,6.0,5.0,Increased
R898,Delhi-NCR,19,5.0,1,Smartphone,2.0,0.0,6.0,3.0,0.0,Increased
R899,Delhi-NCR,19,8.0,1,Laptop/Desktop,2.0,1.0,6.0,2.0,0.0,Remain Constant
R900,Outside Delhi-NCR,21,7.0,4,Any Gadget,7.0,0.0,10.0,3.0,0.0,Remain Constant
R901,Outside Delhi-NCR,23,4.0,1,Laptop/Desktop,1.0,0.0,7.0,8.0,2.0,Decreased
R902,Delhi-NCR,19,5.0,1,Smartphone,2.0,0.0,7.0,3.0,0.0,Increased
R903,Delhi-NCR,27,1.0,3,Laptop/Desktop,2.0,0.0,8.0,3.0,2.0,Increased
R905,Outside Delhi-NCR,21,5.0,3,Smartphone,3.0,1.0,11.0,3.0,2.0,Remain Constant
R906,Outside Delhi-NCR,21,2.0,1,Smartphone,3.0,0.0,8.0,4.0,1.0,Remain Constant
R907,Outside Delhi-NCR,24,0.0,1,Smartphone,1.0,0.0,5.0,4.0,6.0,Decreased
R908,Outside Delhi-NCR,23,0.0,4,Laptop/Desktop,0.0,0.0,8.0,3.0,0.0,Remain Constant
R909,Delhi-NCR,20,5.0,4,Laptop/Desktop,1.0,1.0,8.0,1.0,1.0,Decreased
R910,Outside Delhi-NCR,29,10.0,4,Laptop/Desktop,7.0,1.0,6.0,7.0,2.0,Remain Constant
R911,Outside Delhi-NCR,20,4.0,3,Laptop/Desktop,1.0,1.0,10.0,5.0,0.3,Decreased
R912,Delhi-NCR,21,1.0,4,Smartphone,5.0,0.0,7.0,2.0,2.0,Remain Constant
R913,Outside Delhi-NCR,21,6.0,3,Laptop/Desktop,2.0,1.0,8.0,5.0,2.0,Increased
R914,Delhi-NCR,19,7.0,3,Laptop/Desktop,1.0,1.0,5.0,6.0,1.0,Remain Constant
R915,Delhi-NCR,19,5.0,3,Smartphone,6.0,2.0,5.0,4.0,0.0,Remain Constant
R917,Outside Delhi-NCR,20,3.0,3,Smartphone,2.0,0.0,8.0,1.0,1.0,Remain Constant
R918,Delhi-NCR,19,5.0,3,Laptop/Desktop,2.0,0.5,8.0,2.0,1.0,Increased
R919,Outside Delhi-NCR,23,2.0,3,Laptop/Desktop,6.0,2.0,7.0,4.0,2.0,Remain Constant
R920,Outside Delhi-NCR,21,5.0,3,Laptop/Desktop,2.0,0.0,10.0,2.0,0.5,Increased
R921,Outside Delhi-NCR,10,5.0,3,Laptop/Desktop,2.0,1.0,9.0,1.5,1.0,Increased
R922,Delhi-NCR,14,5.0,3,Tablet,1.0,1.0,9.0,1.0,4.0,Increased
R923,Outside Delhi-NCR,9,5.0,5,Smartphone or Laptop/Desktop,2.0,0.6,7.0,1.0,0.0,Remain Constant
R924,Outside Delhi-NCR,22,4.0,3,Laptop/Desktop,3.0,1.0,7.0,1.0,2.0,Decreased
R925,Outside Delhi-NCR,13,4.0,4,Laptop/Desktop,2.0,0.0,10.0,3.0,0.0,Remain Constant
R926,Delhi-NCR,23,2.0,1,Smartphone,2.0,1.0,6.0,3.0,0.0,Increased
R927,Delhi-NCR,13,5.0,1,Smartphone,1.0,0.6,7.0,4.0,2.0,Decreased
R928,Outside Delhi-NCR,21,1.0,4,Laptop/Desktop,3.0,1.0,10.0,3.0,1.0,Increased
R930,Delhi-NCR,14,9.0,4,Smartphone,2.0,1.0,9.0,1.0,0.0,Remain Constant
R932,Outside Delhi-NCR,21,3.0,3,Smartphone,2.0,1.0,8.0,6.0,3.0,Remain Constant
R933,Delhi-NCR,19,3.0,5,Smartphone,0.0,1.0,6.0,4.0,1.0,Remain Constant
R934,Outside Delhi-NCR,14,5.0,3,Tablet,3.0,1.0,6.0,4.0,0.0,Increased
R935,Delhi-NCR,22,1.0,3,Smartphone,1.0,0.0,9.0,3.0,0.0,Increased
R936,Outside Delhi-NCR,26,9.0,1,Laptop/Desktop,2.0,0.0,5.0,3.0,1.0,Increased
R937,Outside Delhi-NCR,21,2.0,1,Smartphone,2.0,0.0,7.0,1.0,1.0,Remain Constant
R938,Delhi-NCR,22,1.0,1,Laptop/Desktop,6.0,0.0,6.0,2.0,0.0,Increased
R939,Outside Delhi-NCR,21,2.0,3,Laptop/Desktop,3.0,1.0,8.0,6.0,2.0,Remain Constant
R941,Outside Delhi-NCR,15,2.0,4,Laptop/Desktop,2.0,0.0,11.0,5.0,0.0,Remain Constant
R942,Delhi-NCR,16,3.0,3,Smartphone,3.0,0.0,10.0,5.0,3.0,Remain Constant
R943,Outside Delhi-NCR,20,4.0,1,Smartphone,3.0,1.0,8.0,5.0,2.0,Increased
R944,Outside Delhi-NCR,22,2.0,1,Laptop/Desktop,1.0,0.0,8.0,4.0,0.0,Remain Constant
R945,Outside Delhi-NCR,22,4.0,3,Laptop/Desktop,6.0,0.0,8.0,5.0,1.0,Increased
R946,Delhi-NCR,23,2.0,4,Smartphone,7.0,0.0,7.0,4.0,1.0,Increased
R947,Delhi-NCR,21,4.0,4,Laptop/Desktop,10.0,1.0,7.0,3.0,0.0,Remain Constant
R948,Outside Delhi-NCR,17,3.0,3,Smartphone,2.0,1.0,8.0,5.0,3.5,Remain Constant
R949,Delhi-NCR,24,0.0,3,Laptop/Desktop,10.0,1.0,8.0,1.0,0.0,Increased
R950,Delhi-NCR,19,1.0,3,Smartphone,0.0,0.0,8.0,6.0,2.0,Decreased
R951,Delhi-NCR,23,10.0,3,Laptop/Desktop,1.0,0.0,8.0,8.0,1.0,Decreased
R952,Delhi-NCR,21,6.0,3,Smartphone,2.0,1.0,7.0,3.0,1.0,Decreased
R953,Delhi-NCR,14,6.0,4,Tablet,2.0,0.0,8.3,1.0,2.5,Increased
R954,Outside Delhi-NCR,14,3.0,4,Smartphone,1.0,0.0,8.0,3.0,1.0,Remain Constant
R955,Delhi-NCR,23,2.0,3,Laptop/Desktop,6.0,1.0,7.0,2.0,1.0,Increased
R958,Delhi-NCR,11,4.0,4,Smartphone,2.0,0.0,9.0,1.0,0.0,Remain Constant
R959,Delhi-NCR,20,3.0,4,Laptop/Desktop,2.0,1.0,10.0,2.0,0.0,Increased
R960,Outside Delhi-NCR,23,2.0,3,Smartphone,2.0,0.3,8.0,1.0,,Decreased
R962,Delhi-NCR,18,0.0,2,Smartphone,0.0,2.0,12.0,1.0,0.0,Increased
R963,Delhi-NCR,21,4.0,3,Smartphone,8.0,0.0,6.0,1.0,0.0,Decreased
R965,Delhi-NCR,20,5.0,4,Laptop/Desktop,5.0,0.0,8.0,3.0,0.0,Remain Constant
R967,Delhi-NCR,11,2.0,5,Smartphone,1.0,0.0,10.0,3.0,2.0,Increased
R968,Outside Delhi-NCR,22,0.0,4,Laptop/Desktop,4.0,1.0,7.0,3.0,0.0,Increased
R970,Delhi-NCR,21,8.0,1,Laptop/Desktop,1.0,1.0,9.0,2.0,0.0,Remain Constant
R971,Delhi-NCR,26,0.0,1,Smartphone,0.0,0.0,12.0,2.0,2.0,Remain Constant
R972,Outside Delhi-NCR,23,2.0,1,Laptop/Desktop,1.0,1.0,7.5,1.0,2.0,Remain Constant
R973,Delhi-NCR,19,3.0,3,Smartphone,5.0,1.0,6.0,1.0,0.0,Remain Constant
R974,Delhi-NCR,21,5.0,3,Smartphone,3.0,1.0,8.0,4.0,0.0,Remain Constant
R975,Delhi-NCR,20,4.0,1,Laptop/Desktop,3.0,0.0,9.0,2.0,1.0,Remain Constant
R976,Outside Delhi-NCR,19,1.0,4,Laptop/Desktop,2.0,0.0,8.0,1.0,0.3,Remain Constant
R977,Outside Delhi-NCR,20,4.0,1,Smartphone,2.0,0.0,10.0,1.0,0.0,Decreased
R978,Delhi-NCR,19,2.0,3,Laptop/Desktop,3.0,0.5,8.0,2.0,1.0,Increased
R979,Delhi-NCR,17,4.0,4,Laptop/Desktop,2.0,1.0,10.0,6.0,4.0,Increased
R980,Delhi-NCR,20,10.0,1,Laptop/Desktop,2.0,1.0,8.0,5.0,0.0,Remain Constant
R981,Outside Delhi-NCR,20,4.0,4,Smartphone,2.0,1.0,8.0,2.0,0.1,Remain Constant
R982,Outside Delhi-NCR,27,4.0,3,Smartphone,2.0,0.0,7.0,8.0,4.0,Increased
R983,Delhi-NCR,18,7.0,1,Smartphone,4.0,0.0,9.0,2.0,0.0,Decreased
R984,Outside Delhi-NCR,18,8.0,4,Smartphone,2.0,0.25,7.0,1.5,1.0,Increased
R985,Outside Delhi-NCR,19,6.0,3,Smartphone,4.0,1.0,6.0,5.0,2.0,Remain Constant
R986,Delhi-NCR,18,5.0,1,Smartphone,0.0,0.0,7.0,1.0,0.5,Decreased
R987,Outside Delhi-NCR,20,4.0,4,Smartphone,2.0,1.0,8.0,2.0,0.1,Remain Constant
R988,Outside Delhi-NCR,19,6.0,1,Laptop/Desktop,2.0,0.0,8.0,2.0,0.0,Increased
R989,Delhi-NCR,19,6.0,3,Laptop/Desktop,5.0,1.0,7.0,3.0,0.3,Increased
R990,Delhi-NCR,18,8.0,1,Smartphone,0.0,1.0,6.0,5.0,0.0,Decreased
R991,Delhi-NCR,18,4.0,1,Smartphone,0.0,1.0,8.0,2.0,0.3,Remain Constant
R992,Delhi-NCR,19,8.0,4,Smartphone,2.0,2.0,8.0,5.0,1.0,Decreased
R993,Delhi-NCR,26,1.0,3,Smartphone,1.0,0.0,8.0,3.0,0.0,Increased
R994,Outside Delhi-NCR,18,8.0,3,Smartphone,3.0,1.0,5.0,4.0,2.0,Decreased
R995,Outside Delhi-NCR,19,2.0,4,Smartphone,2.0,1.0,8.0,3.0,2.0,Decreased
R996,Outside Delhi-NCR,18,5.0,3,Smartphone,2.0,0.0,6.0,1.0,0.0,Remain Constant
R997,Outside Delhi-NCR,21,2.0,3,Laptop/Desktop,1.0,0.0,12.0,3.0,0.0,Increased
R998,Outside Delhi-NCR,19,0.0,1,Laptop/Desktop,8.0,0.0,8.0,10.0,0.0,Remain Constant
R999,Outside Delhi-NCR,23,2.0,3,Laptop/Desktop,2.0,2.0,7.0,5.0,2.0,Remain Constant
R1000,Outside Delhi-NCR,22,4.0,4,Laptop/Desktop,2.0,0.0,9.0,3.0,1.0,Increased
R1001,Delhi-NCR,19,8.0,3,Smartphone,4.0,0.0,6.0,1.0,2.0,Remain Constant
R1002,Outside Delhi-NCR,19,6.0,4,Laptop/Desktop,2.0,0.0,8.0,10.0,0.0,Increased
R1004,Delhi-NCR,18,6.0,1,Smartphone,4.0,0.0,7.0,3.0,0.3,Decreased
R1005,Outside Delhi-NCR,12,0.0,5,Smartphone,3.0,1.0,8.0,1.0,2.0,Increased
R1006,Outside Delhi-NCR,18,5.0,4,Smartphone,3.0,2.0,8.0,3.0,0.0,Remain Constant
R1007,Delhi-NCR,19,4.0,1,Laptop/Desktop,3.0,0.0,8.0,2.0,0.0,Remain Constant
R1008,Delhi-NCR,19,6.0,3,Laptop/Desktop,2.0,2.0,6.0,3.0,0.3,Increased
R1009,Delhi-NCR,20,3.0,1,Laptop/Desktop,2.0,0.0,7.0,3.0,0.0,Decreased
R1010,Outside Delhi-NCR,26,4.0,1,Smartphone,2.0,0.0,7.0,2.0,0.0,Increased
R1011,Outside Delhi-NCR,20,3.0,1,Laptop/Desktop,2.0,1.0,8.0,1.0,1.0,Increased
R1012,Outside Delhi-NCR,23,4.0,4,Smartphone,2.0,1.0,7.0,3.0,1.0,Remain Constant
R1013,Delhi-NCR,26,4.0,1,Smartphone,3.0,1.0,7.0,2.0,1.0,Remain Constant
R1014,Delhi-NCR,19,4.0,3,Laptop/Desktop,2.0,0.5,8.0,2.0,1.0,Remain Constant
R1015,Outside Delhi-NCR,22,0.0,4,Laptop/Desktop,2.0,1.0,9.0,2.0,2.0,Remain Constant
R1016,Outside Delhi-NCR,23,3.0,3,Smartphone,4.0,1.0,8.0,3.0,2.0,Remain Constant
R1017,Delhi-NCR,20,2.0,4,Smartphone,3.0,1.0,6.0,2.0,3.0,Remain Constant
R1018,Outside Delhi-NCR,29,5.0,3,Laptop/Desktop,3.0,1.0,8.0,2.0,2.0,Remain Constant
R1019,Outside Delhi-NCR,28,5.0,4,Laptop/Desktop,4.0,1.0,10.0,2.0,1.0,Remain Constant
R1021,Outside Delhi-NCR,21,0.0,2,Smartphone,1.0,2.0,7.0,2.0,0.5,Decreased
R1022,Outside Delhi-NCR,24,1.0,4,Smartphone,3.0,2.0,8.0,2.0,0.0,Remain Constant
R1023,Delhi-NCR,25,0.0,4,Laptop/Desktop,4.0,1.0,8.0,2.0,0.0,Remain Constant
R1026,Delhi-NCR,27,0.0,4,Smartphone,2.0,0.0,8.0,2.0,2.0,Remain Constant
R1028,Delhi-NCR,22,5.0,1,Laptop/Desktop,1.0,1.0,8.0,1.0,0.5,Decreased
R1029,Delhi-NCR,20,6.0,4,Laptop/Desktop,4.0,1.0,6.0,1.0,0.0,Increased
R1030,Outside Delhi-NCR,16,4.0,1,Smartphone,2.0,0.0,9.0,2.0,0.0,Remain Constant
R1032,Delhi-NCR,24,2.0,4,Smartphone,0.0,1.0,9.0,5.0,3.0,Increased
R1033,Outside Delhi-NCR,25,0.0,1,Smartphone,2.0,0.0,7.0,5.0,0.0,Remain Constant
R1034,Outside Delhi-NCR,20,2.0,1,Smartphone,8.0,1.0,6.0,1.0,0.0,Remain Constant
R1035,Delhi-NCR,22,2.0,1,Smartphone,1.0,0.0,9.0,3.0,2.0,Decreased
R1036,Delhi-NCR,23,4.0,3,Smartphone,3.0,1.0,8.0,2.0,0.0,Remain Constant
R1037,Outside Delhi-NCR,24,2.0,1,Smartphone,6.0,0.0,12.0,4.0,0.0,Remain Constant
R1038,Delhi-NCR,20,0.0,3,Smartphone,0.0,2.0,9.0,2.0,0.5,Remain Constant
R1040,Outside Delhi-NCR,20,5.0,3,Laptop/Desktop,4.0,1.0,8.0,1.5,1.0,Increased
R1041,Outside Delhi-NCR,19,3.0,1,Laptop/Desktop,3.0,0.0,8.0,3.0,0.0,Remain Constant
R1042,Outside Delhi-NCR,18,4.0,1,Laptop/Desktop,1.0,1.0,10.0,3.0,1.0,Increased
R1043,Outside Delhi-NCR,20,5.0,1,Laptop/Desktop,3.0,0.5,10.0,3.0,2.0,Increased
R1044,Outside Delhi-NCR,21,6.0,4,Laptop/Desktop,4.0,1.0,8.0,2.0,0.5,Remain Constant
R1045,Outside Delhi-NCR,20,2.0,1,Laptop/Desktop,1.0,0.0,6.0,1.0,2.0,Decreased
R1046,Outside Delhi-NCR,20,2.0,4,Smartphone,2.0,1.0,8.0,2.0,3.0,Decreased
R1047,Outside Delhi-NCR,21,4.0,5,Laptop/Desktop,2.0,0.0,8.0,0.5,4.0,Increased
R1048,Delhi-NCR,22,2.0,3,Laptop/Desktop,2.0,1.0,8.0,3.0,0.5,Remain Constant
R1049,Delhi-NCR,22,2.0,1,Smartphone,3.0,1.0,10.0,4.0,2.0,Remain Constant
R1050,Delhi-NCR,21,0.0,2,Smartphone,1.0,0.0,7.0,0.0,0.0,Increased
R1051,Delhi-NCR,19,4.0,1,Laptop/Desktop,3.0,0.0,10.0,4.0,,Increased
R1052,Delhi-NCR,18,2.0,3,Smartphone,2.0,1.0,8.0,1.3,2.0,Remain Constant
R1053,Delhi-NCR,20,3.0,1,Smartphone,2.0,0.0,6.0,3.0,0.0,Increased
R1054,Delhi-NCR,20,3.0,3,Smartphone,3.0,1.0,11.0,3.0,0.0,Remain Constant
R1055,Outside Delhi-NCR,18,0.0,4,Smartphone,3.0,1.0,7.0,2.0,1.0,Remain Constant
R1057,Delhi-NCR,18,6.0,1,Laptop/Desktop,2.0,0.0,8.0,1.0,0.5,Increased
R1058,Outside Delhi-NCR,23,2.0,4,Smartphone,1.0,1.0,5.0,2.0,1.0,Decreased
R1059,Outside Delhi-NCR,20,3.0,3,Laptop/Desktop,2.0,0.0,9.0,5.0,0.0,Increased
R1061,Delhi-NCR,24,2.0,3,Smartphone,4.0,0.0,6.0,3.0,0.0,Increased
R1062,Outside Delhi-NCR,17,5.0,1,Laptop/Desktop,0.5,0.3,7.5,0.5,0.3,Remain Constant
R1063,Outside Delhi-NCR,15,4.0,3,Laptop/Desktop,3.0,0.0,8.0,2.0,1.0,Remain Constant
R1064,Outside Delhi-NCR,17,4.0,3,Laptop/Desktop,5.0,2.0,7.0,0.4,0.5,Remain Constant
R1065,Outside Delhi-NCR,16,4.0,5,Smartphone or Laptop/Desktop,3.0,1.0,8.0,5.0,5.0,Increased
R1066,Outside Delhi-NCR,15,8.0,3,Tablet,4.0,0.0,5.0,2.0,1.0,Remain Constant
R1067,Outside Delhi-NCR,16,8.0,4,Smartphone,5.0,0.0,9.0,1.0,0.0,Increased
R1068,Outside Delhi-NCR,16,5.0,3,Laptop/Desktop,2.0,1.0,10.0,1.0,2.0,Increased
R1069,Outside Delhi-NCR,15,7.0,4,Smartphone,3.0,2.0,6.0,0.0,1.0,Remain Constant
R1070,Outside Delhi-NCR,16,5.0,1,Smartphone,1.0,2.0,10.0,1.5,0.0,Remain Constant
R1071,Delhi-NCR,16,4.0,1,Smartphone,4.0,1.0,7.0,2.0,0.0,Remain Constant
R1072,Delhi-NCR,16,7.0,4,Tablet,3.0,0.0,8.0,0.5,0.0,Decreased
R1073,Outside Delhi-NCR,30,2.0,1,Laptop/Desktop,0.0,1.0,8.0,1.0,8.0,Increased
R1074,Outside Delhi-NCR,16,5.0,1,Smartphone,2.0,0.5,7.0,1.0,2.0,Remain Constant
R1075,Delhi-NCR,15,5.0,3,Laptop/Desktop,4.0,1.0,8.0,2.0,1.0,Remain Constant
R1076,Delhi-NCR,16,4.0,3,Laptop/Desktop,8.0,1.0,8.0,0.5,0.5,Decreased
R1077,Delhi-NCR,15,4.0,1,Laptop/Desktop,4.0,0.0,5.0,4.0,0.0,Decreased
R1078,Delhi-NCR,15,4.0,4,Smartphone,4.0,1.0,7.0,2.0,1.0,Remain Constant
R1079,Delhi-NCR,15,8.0,1,Smartphone,2.0,0.0,8.0,1.0,0.0,Increased
R1080,Delhi-NCR,16,7.0,4,Smartphone,2.0,0.0,8.0,0.5,1.5,Remain Constant
R1081,Delhi-NCR,15,3.0,3,Smartphone,4.0,0.5,7.0,1.0,1.5,Increased
R1082,Outside Delhi-NCR,16,8.0,3,Laptop/Desktop,1.0,0.3,8.0,0.0,0.0,Increased
R1083,Delhi-NCR,16,7.0,3,Laptop/Desktop,3.0,0.0,8.0,3.0,2.0,Remain Constant
R1084,Delhi-NCR,15,4.0,3,Laptop/Desktop,4.0,1.0,7.0,1.0,1.5,Remain Constant
R1085,Delhi-NCR,16,8.0,3,Laptop/Desktop,8.0,0.0,7.0,2.0,0.0,Remain Constant
R1087,Delhi-NCR,15,5.0,5,Laptop/Desktop,4.0,0.5,8.0,0.0,1.0,Remain Constant
R1088,Delhi-NCR,16,8.0,3,Smartphone,4.0,0.0,5.0,8.0,3.0,Remain Constant
R1089,Delhi-NCR,16,8.0,4,Laptop/Desktop,4.0,0.0,7.0,2.0,0.0,Increased
R1090,Delhi-NCR,16,4.0,4,Smartphone,4.0,1.0,7.0,2.0,1.0,Remain Constant
R1091,Delhi-NCR,16,7.0,4,Smartphone,3.0,0.0,7.0,2.0,1.0,Increased
R1092,Delhi-NCR,16,6.0,3,Laptop/Desktop,1.0,0.5,9.0,1.0,1.0,Decreased
R1093,Delhi-NCR,17,6.0,3,Smartphone,1.0,0.0,8.0,1.0,0.0,Remain Constant
R1094,Delhi-NCR,16,8.0,1,Smartphone,5.0,1.0,8.0,1.0,1.0,Remain Constant
R1095,Delhi-NCR,16,4.0,3,Laptop/Desktop,1.0,1.0,9.0,2.0,0.4,Remain Constant
R1096,Delhi-NCR,15,9.0,5,Laptop/Desktop,10.0,0.5,6.0,0.0,2.0,Remain Constant
R1097,Delhi-NCR,17,3.0,1,Smartphone,6.0,0.0,8.0,2.0,0.0,Remain Constant
R1098,Delhi-NCR,16,6.0,1,Smartphone,3.0,1.0,10.0,1.0,0.5,Remain Constant
R1099,Delhi-NCR,16,8.0,3,Laptop/Desktop,0.0,0.0,6.0,6.0,0.0,Remain Constant
R1100,Delhi-NCR,16,8.0,3,Laptop/Desktop,1.0,0.0,8.0,1.0,2.0,Remain Constant
R1101,Delhi-NCR,15,5.0,1,Smartphone,3.0,1.0,9.0,3.0,0.0,Decreased
R1102,Delhi-NCR,16,4.0,4,Smartphone,3.0,1.0,8.0,1.0,1.0,Remain Constant
R1103,Delhi-NCR,17,4.0,1,Laptop/Desktop,0.0,1.0,7.0,1.0,3.0,Increased
R1104,Delhi-NCR,25,5.0,3,Laptop/Desktop,1.0,3.0,6.0,5.0,0.0,Decreased
R1105,Delhi-NCR,20,0.0,1,Smartphone,6.0,1.0,9.0,3.0,0.0,Increased
R1106,Delhi-NCR,16,5.0,1,Smartphone,2.0,1.0,8.0,1.0,4.0,Increased
R1107,Delhi-NCR,16,4.0,1,Smartphone,5.0,1.0,7.0,1.0,1.0,Increased
R1108,Delhi-NCR,15,5.0,4,Laptop/Desktop,2.0,2.0,6.0,0.5,2.0,Remain Constant
R1109,Delhi-NCR,16,4.0,1,Smartphone,2.0,2.0,6.0,5.0,0.0,Increased
R1110,Delhi-NCR,24,6.0,3,Smartphone,6.0,0.0,7.0,2.0,,Decreased
R1111,Delhi-NCR,16,5.0,5,Smartphone,1.0,1.0,11.0,0.0,2.0,Remain Constant
R1112,Delhi-NCR,16,5.0,3,Laptop/Desktop,4.0,0.0,6.0,1.0,0.0,Remain Constant
R1113,Delhi-NCR,16,5.0,3,Smartphone,2.0,1.0,10.0,1.0,0.5,Remain Constant
R1114,Outside Delhi-NCR,15,6.0,3,Smartphone,1.0,1.0,9.0,1.0,2.0,Decreased
R1115,Outside Delhi-NCR,17,2.0,1,Tablet,8.0,3.0,5.0,0.0,1.0,Increased
R1116,Delhi-NCR,16,5.0,3,Laptop/Desktop,8.0,2.0,5.0,2.0,0.0,Remain Constant
R1117,Delhi-NCR,12,5.0,4,Tablet,1.0,0.0,7.0,4.0,0.0,Increased
R1118,Delhi-NCR,14,4.0,5,Smartphone,2.0,1.0,9.0,1.0,2.0,Remain Constant
R1119,Outside Delhi-NCR,13,4.0,5,Smartphone,3.0,0.25,8.0,1.0,0.5,Increased
R1120,Outside Delhi-NCR,12,5.0,4,Smartphone,5.0,0.0,6.0,1.0,2.0,Remain Constant
R1121,Delhi-NCR,15,6.0,3,Smartphone,11.0,0.25,7.0,5.0,0.0,Increased
R1122,Delhi-NCR,13,5.0,5,Tablet,4.0,1.0,8.0,0.0,0.5,Remain Constant
R1123,Outside Delhi-NCR,12,4.0,4,Tablet,1.0,1.0,9.0,1.0,3.0,Increased
R1124,Outside Delhi-NCR,13,6.0,4,Smartphone,2.0,2.0,6.0,1.0,1.0,Decreased
R1125,Delhi-NCR,16,4.0,4,Laptop/Desktop,1.0,1.0,7.0,1.0,3.0,Remain Constant
R1126,Delhi-NCR,12,4.0,5,Smartphone,2.0,1.0,6.0,0.0,2.0,Remain Constant
R1127,Delhi-NCR,14,4.0,4,Smartphone,3.5,0.0,9.0,2.0,3.0,Remain Constant
R1128,Delhi-NCR,13,8.0,4,Smartphone,3.0,1.0,13.0,1.0,2.0,Increased
R1129,Delhi-NCR,13,6.0,3,Laptop/Desktop,2.0,0.0,5.0,1.0,0.0,Remain Constant
R1130,Delhi-NCR,14,6.0,3,Laptop/Desktop,8.0,1.0,8.0,1.0,0.1,Remain Constant
R1131,Delhi-NCR,14,4.0,3,Smartphone,0.0,1.0,9.0,3.0,1.0,Remain Constant
R1132,Delhi-NCR,14,6.0,4,Smartphone,3.0,1.0,7.0,1.0,1.0,Remain Constant
R1133,Delhi-NCR,14,6.0,3,Smartphone,2.0,1.0,4.0,1.0,2.0,Remain Constant
R1134,Delhi-NCR,14,4.0,5,Smartphone,2.0,2.0,12.0,1.0,2.0,Decreased
R1135,Outside Delhi-NCR,13,5.0,4,Tablet,4.0,1.0,8.0,1.0,0.0,Decreased
R1136,Delhi-NCR,18,7.0,3,Smartphone,4.0,0.0,6.0,1.0,0.0,Remain Constant
R1137,Delhi-NCR,13,3.0,4,Tablet,4.0,1.0,7.0,1.0,3.0,Increased
R1138,Delhi-NCR,14,6.0,3,Smartphone,3.0,1.0,10.0,1.0,2.0,Remain Constant
R1139,Delhi-NCR,13,3.0,1,Smartphone,1.0,2.0,7.0,3.0,2.0,Remain Constant
R1140,Delhi-NCR,13,4.0,3,Smartphone,2.0,1.0,8.0,2.0,5.0,Remain Constant
R1141,Delhi-NCR,12,5.5,4,Smartphone,2.0,1.0,7.0,3.0,1.0,Remain Constant
R1142,Delhi-NCR,11,4.0,5,Smartphone,2.0,0.0,11.0,1.0,2.0,Remain Constant
R1143,Delhi-NCR,12,6.0,5,Tablet,2.0,0.5,9.0,1.0,1.0,Increased
R1144,Delhi-NCR,13,2.0,4,Smartphone,2.0,1.0,6.0,1.0,0.0,Decreased
R1145,Delhi-NCR,14,6.0,4,Laptop/Desktop,3.0,1.0,6.0,1.0,1.0,Remain Constant
R1146,Delhi-NCR,16,4.0,3,Smartphone,2.0,0.0,5.0,1.0,1.0,Increased
R1147,Delhi-NCR,10,4.0,4,Smartphone,2.0,1.0,7.0,0.0,1.0,Remain Constant
R1148,Delhi-NCR,13,5.0,5,Smartphone,3.0,1.0,8.0,2.0,1.0,Increased
R1149,Outside Delhi-NCR,12,4.0,3,Smartphone,1.0,1.0,8.0,2.0,0.5,Remain Constant
R1150,Delhi-NCR,15,8.0,4,Laptop/Desktop,1.5,0.5,8.0,0.5,0.3,Remain Constant
R1151,Delhi-NCR,14,5.0,3,Smartphone or Laptop/Desktop,2.0,0.0,9.0,0.5,0.5,Increased
R1152,Delhi-NCR,14,3.0,3,Smartphone,1.0,1.0,10.0,1.0,2.0,Decreased
R1153,Delhi-NCR,13,4.0,3,Smartphone,1.0,0.0,10.0,1.0,1.0,Remain Constant
R1154,Delhi-NCR,15,4.0,1,Smartphone,2.0,1.0,9.0,0.5,2.0,Remain Constant
R1155,Outside Delhi-NCR,17,6.0,1,Smartphone,3.0,1.0,7.0,1.0,1.0,Decreased
R1156,Outside Delhi-NCR,22,5.0,3,Laptop/Desktop,4.0,0.0,8.0,3.0,0.0,Increased
R1157,Outside Delhi-NCR,13,6.0,4,Smartphone,2.0,0.0,11.0,1.0,0.5,Remain Constant
R1158,Outside Delhi-NCR,11,5.0,3,Smartphone,2.0,1.0,8.0,1.0,0.5,Decreased
R1159,Delhi-NCR,13,4.0,4,Smartphone,1.0,0.5,7.0,1.0,2.0,Increased
R1160,Outside Delhi-NCR,14,5.0,5,Smartphone,2.0,0.0,12.0,2.0,1.0,Remain Constant
R1161,Delhi-NCR,12,6.0,4,Laptop/Desktop,2.0,2.0,8.0,7.0,2.0,Remain Constant
R1162,Delhi-NCR,13,4.0,5,Laptop/Desktop,4.0,1.0,8.0,0.0,1.0,Remain Constant
R1164,Delhi-NCR,12,4.0,4,Smartphone,2.0,1.0,8.0,0.0,3.0,Remain Constant
R1165,Delhi-NCR,12,5.0,5,Laptop/Desktop,3.0,1.0,7.0,0.0,2.0,Remain Constant
R1166,Delhi-NCR,13,6.0,5,Smartphone,7.0,0.0,5.0,0.0,0.0,Remain Constant
R1167,Outside Delhi-NCR,14,6.0,5,Laptop/Desktop,1.0,2.0,7.0,1.0,1.0,Increased
R1168,Delhi-NCR,14,6.0,4,Smartphone,2.0,1.0,8.0,1.0,1.0,Decreased
R1169,Delhi-NCR,12,6.0,5,Smartphone,5.0,1.0,8.0,2.0,1.0,Remain Constant
R1171,Delhi-NCR,14,6.0,3,Smartphone,2.0,0.5,10.0,1.0,1.0,Remain Constant
R1172,Delhi-NCR,14,3.0,5,Smartphone,5.0,2.0,12.0,0.25,0.0,Increased
R1173,Delhi-NCR,12,4.0,5,Smartphone,3.0,2.0,10.0,1.0,1.0,Increased
R1174,Delhi-NCR,14,4.0,5,Smartphone,2.0,1.0,6.0,1.0,1.0,Remain Constant
R1175,Delhi-NCR,13,6.0,1,Laptop/Desktop,3.0,1.0,8.0,2.0,2.0,Decreased
R1176,Delhi-NCR,12,5.0,5,Smartphone,2.0,1.0,12.0,0.0,1.0,Remain Constant
R1177,Delhi-NCR,13,5.0,5,Laptop/Desktop,4.0,1.0,8.0,1.0,1.5,Decreased
R1178,Delhi-NCR,12,4.0,1,Smartphone,1.5,0.0,9.0,5.0,1.0,Increased
R1179,Delhi-NCR,13,6.0,5,Laptop/Desktop,2.0,0.5,9.0,1.0,3.0,Remain Constant
R1180,Delhi-NCR,12,6.0,3,Smartphone,3.0,1.0,9.0,1.0,1.0,Remain Constant
R1181,Delhi-NCR,12,5.0,4,Laptop/Desktop,2.0,0.0,8.0,2.0,1.0,Remain Constant
R1182,Delhi-NCR,13,6.0,4,Tablet,2.0,1.0,6.0,1.0,2.0,Decreased
R1183,Delhi-NCR,16,7.5,4,Laptop/Desktop,4.5,0.0,6.0,0.5,2.0,Remain Constant
R1184,Outside Delhi-NCR,13,5.0,5,Laptop/Desktop,6.0,1.0,6.0,0.0,0.0,Remain Constant
R1185,Delhi-NCR,13,4.0,4,Smartphone,4.0,1.0,8.0,1.0,2.0,Decreased
R1186,Delhi-NCR,15,5.0,3,Smartphone,2.0,1.0,13.0,1.0,1.0,Remain Constant
R1187,Delhi-NCR,12,6.0,5,Laptop/Desktop,3.0,1.0,9.0,4.0,3.0,Remain Constant
R1188,Delhi-NCR,13,8.0,3,Laptop/Desktop,2.0,1.0,7.0,1.0,1.0,Decreased
R1189,Delhi-NCR,15,5.0,4,Tablet,4.0,1.0,7.0,2.0,0.0,Increased
R1190,Delhi-NCR,13,3.0,1,Smartphone,1.0,0.5,8.0,3.0,1.0,Remain Constant
R1191,Delhi-NCR,12,3.0,4,Smartphone,4.0,1.0,8.0,1.0,2.0,Decreased
R1192,Delhi-NCR,14,6.0,3,Smartphone,4.0,1.0,9.0,1.0,1.0,Remain Constant
R1193,Delhi-NCR,13,4.0,3,Smartphone,0.0,0.5,8.0,3.0,2.0,Decreased
R1194,Delhi-NCR,14,5.0,5,Laptop/Desktop,3.5,1.0,8.0,0.5,1.0,Remain Constant
R1195,Delhi-NCR,13,5.0,4,Tablet,2.0,0.5,7.0,1.0,1.0,Remain Constant
